"","O_diff_clover_L","O_diff_clover_R","O_diff_trefle_L","O_diff_trefle_R","virus","host"
"107",0.600304074388502,0.721499771717755,0.389135100611005,0.716469681707844,"Adelaide River ephemerovirus","Bos taurus"
"262",0.995309174805095,0.582134271094845,0.541897517109025,0.735696012573231,"Adeno-associated dependoparvovirus A","Macaca fascicularis"
"589",0.998360460975503,0.582396377973072,0.787806725923363,0.418828364958147,"African horse sickness virus","Equus quagga burchellii"
"603",0.998360460975397,0.582396377974454,0.836696120061253,0.315036641923894,"African horse sickness virus","Genetta maculata"
"875",0.996044418371036,0.568755020166629,0.698108363929228,0.594530231988486,"African swine fever virus","Phacochoerus africanus"
"896",0.674091535461791,0.590228761823413,0.378306563185525,0.808362064395919,"African swine fever virus","Sus scrofa"
"1235",0.676370970493705,0.603546337627203,0.401463175615111,0.750518581247296,"Aichivirus B","Sus scrofa"
"1343",0.967504090864184,0.576479114522159,0.757350351448964,0.431405276540176,"Akabane orthobunyavirus","Alcelaphus buselaphus"
"1365",0.550735370909833,0.835038888437864,0.579496046178585,0.673829420248306,"Akabane orthobunyavirus","Bos taurus"
"1474",0.951430709947847,0.587011729313842,0.789715438996722,0.394181913531625,"Akabane orthobunyavirus","Kobus ellipsiprymnus"
"1538",0.720042240253716,0.716875337035991,0.632759621164302,0.580767160471534,"Akabane orthobunyavirus","Ovis aries"
"1783",0.98805672656191,0.566593434610606,0.820669583684181,0.323937210794525,"Alcelaphine gammaherpesvirus 1","Ammotragus lervia"
"1794",0.995202718357575,0.562458868368079,0.813412772231941,0.325928680320648,"Alcelaphine gammaherpesvirus 1","Axis porcinus"
"1801",0.990802239789935,0.562084698455159,0.732669267717386,0.480803837935393,"Alcelaphine gammaherpesvirus 1","Bison bison"
"1808",0.576767541179836,0.662169034679289,0.586305560260831,0.685164178805231,"Alcelaphine gammaherpesvirus 1","Bos taurus"
"1970",0.985877412194435,0.568097880891151,0.721814257086923,0.498639421004618,"Alcelaphine gammaherpesvirus 1","Odocoileus virginianus"
"2217",0.998360460975361,0.582396377973305,0.813386110602556,0.641441007707509,"Allpahuayo mammarenavirus","Oecomys paricola"
"2258",0.826896019986271,0.57825536990818,0.260702955764724,0.834934971367818,"Alphaarterivirus equid","Equus caballus"
"2385",0.994023782747839,0.54268859538486,0.814417154622201,0.366412293965489,"Alphacoronavirus 1","Ailuropoda melanoleuca"
"2417",0.94568120775167,0.508098831401737,0.678156741238696,0.55249017123744,"Alphacoronavirus 1","Canis lupus"
"2418",0.849610815222632,0.536394524907682,0.517940070729317,0.659876614030257,"Alphacoronavirus 1","Canis lupus familiaris"
"2470",0.838901687077947,0.522522795013185,0.596754759571105,0.576351318590284,"Alphacoronavirus 1","Felis catus"
"2472",0.982025530553782,0.540129606291271,0.816801325650083,0.347385655462985,"Alphacoronavirus 1","Felis silvestris"
"2650",0.664850132993296,0.569223584396931,0.437544247561549,0.629153544908207,"Alphacoronavirus 1","Sus scrofa"
"2723",0.138096303980969,0.586432501188268,0.233534567235807,0.759574588236314,"Alphapapillomavirus 10","Homo sapiens"
"2977",0.138096303980969,0.586432501188268,0.29301790267423,0.684447426926761,"Alphapapillomavirus 3","Homo sapiens"
"3007",0.138096303980969,0.586432501188268,0.29301790267423,0.684447426926761,"Alphapapillomavirus 6","Homo sapiens"
"3037",0.138096303980969,0.586432501188268,0.29301790267423,0.684447426926761,"Alphapapillomavirus 9","Homo sapiens"
"3174",0.998360460975361,0.582396377973387,0.808817729834433,0.376838802827477,"Andes orthohantavirus","Necromys lasiurus"
"3186",0.99836046097529,0.582396377973414,0.80675629835291,0.422463474695236,"Andes orthohantavirus","Oligoryzomys flavescens"
"3188",0.998360460975361,0.582396377972237,0.807640559370032,0.377996463906727,"Andes orthohantavirus","Oligoryzomys fulvescens"
"3306",0.138096303980969,0.586432501188268,0.212262330130987,0.86268056884851,"Anopheles A orthobunyavirus","Homo sapiens"
"3743",0.138096303980969,0.586432501188268,0.190909942593573,0.858385292821472,"Argentinian mammarenavirus","Homo sapiens"
"4001",0.998360460975219,0.58239637797377,0.526096126175524,0.679770036469217,"Ateline gammaherpesvirus 3","Aotus trivirgatus"
"4646",0.217608148394933,0.550794882838365,0.195293559104756,0.891640382589457,"Avian orthoavulavirus 1","Homo sapiens"
"4698",0.759990426252485,0.571978125807077,0.36309455437713,0.851298299320045,"Avian orthoavulavirus 1","Sus scrofa"
"4897",0.994319480026431,0.582692492616602,0.477132587213542,0.825412177676499,"Bakau orthobunyavirus","Macaca fascicularis"
"4900",0.955681323062604,0.582668308455566,0.633881455071095,0.681631663519276,"Bakau orthobunyavirus","Macaca nemestrina"
"5115",0.138096303980969,0.586432501188254,0.211776456768737,0.847700201770311,"Banzi virus","Homo sapiens"
"5201",0.915980281481216,0.588512485334774,0.55018761151308,0.850459015248507,"Barmah Forest virus","Felis catus"
"5215",0.21107909811145,0.599695286190648,0.138992391633257,0.979086966590945,"Barmah Forest virus","Homo sapiens"
"5696",0.998360460975113,0.582396377974221,0.811541417333184,0.443625065851637,"Bayou orthohantavirus","Reithrodontomys fulvescens"
"5736",0.998360460975893,0.582396377973154,0.701335472000066,0.642605192815939,"Beluga whale coronavirus SW1","Delphinapterus leucas"
"6015",0.676370970493705,0.60354633762721,0.372203022596834,0.826771038205286,"Betaarterivirus suid 1","Sus scrofa"
"6056",0.436139910177246,0.698766070624968,0.601384045339079,0.79585664799057,"Betacoronavirus 1","Bos taurus"
"6060",0.974102073648399,0.57482959410355,0.64662789335191,0.740166112106288,"Betacoronavirus 1","Bubalus bubalis"
"6073",0.885868504630696,0.628986744569485,0.530933357702576,0.899207232274364,"Betacoronavirus 1","Canis lupus familiaris"
"6131",0.80777787959994,0.620928349506735,0.146731297539861,0.819880703829355,"Betacoronavirus 1","Equus caballus"
"6166",0.13389617705098,0.457238348792756,0.0880243705813213,0.882658084556561,"Betacoronavirus 1","Homo sapiens"
"6171",0.962397392554802,0.588466038229172,0.810751541984009,0.358175486332976,"Betacoronavirus 1","Kobus ellipsiprymnus"
"6382",0.13809630398104,0.586432501188254,0.223292984753646,0.780926222374212,"Betapapillomavirus 1","Homo sapiens"
"6640",0.189949821193196,0.578898619474628,0.159696398463836,0.801972719455204,"Bhanja bandavirus","Homo sapiens"
"6704",0.831833222657465,0.554485516248668,0.580847237899008,0.649367105380015,"Bhanja bandavirus","Ovis aries"
"6770",0.970776786446775,0.589665890735963,0.659187726743855,0.591573470157388,"Bhanja bandavirus","Ursus arctos"
"6861",0.114519976533304,0.566908515921692,0.181997090199785,0.789232175348822,"Bimiti orthobunyavirus","Homo sapiens"
"6863",0.974918365125035,0.563100778360321,0.706739945055585,0.535446495670999,"Bimiti orthobunyavirus","Hylaeamys laticeps"
"7035",0.97332012788765,0.542536223558391,0.821445239273153,0.359839495291022,"Bluetongue virus","Aepyceros melampus"
"7047",0.992446937622544,0.53281323596146,0.848474080211886,0.246906988236468,"Bluetongue virus","Antilope cervicapra"
"7069",0.496578672195175,0.665539649875414,0.626583833638814,0.587631759832892,"Bluetongue virus","Bos taurus"
"7082",0.992446937622402,0.532813235960769,0.851249006213963,0.266366212823374,"Bluetongue virus","Canis aureus"
"7085",0.810095008122871,0.529196854503078,0.560217593210144,0.662874443509002,"Bluetongue virus","Canis lupus familiaris"
"7090",0.847937727131144,0.534640264657366,0.715322981682372,0.488450591902061,"Bluetongue virus","Capra hircus"
"7092",0.992446937622615,0.532813235959599,0.844912503372288,0.232049336618474,"Bluetongue virus","Capra nubiana"
"7125",0.973395248681167,0.542210561748357,0.781933716002645,0.314380330873909,"Bluetongue virus","Damaliscus lunatus"
"7133",0.992446937622296,0.532813235961391,0.837254981217971,0.40506318649908,"Bluetongue virus","Elephas maximus"
"7172",0.960054743860737,0.543307623581044,0.787398012111775,0.404853804053107,"Bluetongue virus","Hippotragus niger"
"7182",0.992446937622544,0.532813235960871,0.793340461379145,0.297384232976431,"Bluetongue virus","Kobus leche"
"7204",0.992446937621834,0.532813235963786,0.796186115857599,0.389989203299704,"Bluetongue virus","Lycaon pictus"
"7284",0.99244693762258,0.532813235960447,0.844912503385733,0.23204933664326,"Bluetongue virus","Oreotragus oreotragus"
"7286",0.992446937622473,0.53281323596081,0.847945539680196,0.230145717100226,"Bluetongue virus","Oryx beisa"
"7298",0.980604474406801,0.527433600427227,0.796699148890915,0.324295548485807,"Bluetongue virus","Ovis canadensis"
"7478",0.976997479488553,0.561795113639718,0.789760372314292,0.441644518249623,"Bovine alphaherpesvirus 1","Aepyceros melampus"
"7480",0.975684943684235,0.565563681396498,0.726604760743717,0.486505056188459,"Bovine alphaherpesvirus 1","Alces alces"
"7484",0.987145337402731,0.558478560771947,0.819646623161469,0.326966255121891,"Bovine alphaherpesvirus 1","Ammotragus lervia"
"7486",0.994288984829388,0.554428124673983,0.794887099310582,0.386443690707559,"Bovine alphaherpesvirus 1","Antilocapra americana"
"7505",0.538466456015163,0.577467422715597,0.582560204219424,0.694501527465074,"Bovine alphaherpesvirus 1","Bos taurus"
"7546",0.964990360867465,0.555597020277093,0.590930675650719,0.601524339917439,"Bovine alphaherpesvirus 1","Cervus elaphus"
"7556",0.99428898482992,0.554428124669645,0.721390976601532,0.477537373566199,"Bovine alphaherpesvirus 1","Dama dama"
"7557",0.977111445438973,0.561600683496298,0.765616268136432,0.387120061835921,"Bovine alphaherpesvirus 1","Damaliscus lunatus"
"7601",0.994288984828856,0.554428124673928,0.784323030131355,0.396420326889376,"Bovine alphaherpesvirus 1","Hippopotamus amphibius"
"7667",0.981613344886534,0.558580399371281,0.704927506673878,0.449919649240208,"Bovine alphaherpesvirus 1","Odocoileus hemionus"
"7709",0.978760254363091,0.554143774697924,0.775880673641104,0.427585354475947,"Bovine alphaherpesvirus 1","Rangifer tarandus"
"7803",0.585120000673928,0.712224425526099,0.504951950489766,0.680244039402306,"Bovine alphaherpesvirus 2","Bos taurus"
"7836",0.979015068066344,0.576091517178412,0.734046300756527,0.486972332137387,"Bovine alphaherpesvirus 2","Damaliscus lunatus"
"7946",0.967915649570582,0.578641184036096,0.717005160326713,0.504469350909625,"Bovine alphaherpesvirus 2","Syncerus caffer"
"7973",0.600304074388467,0.721499771717748,0.460767400342078,0.821087183101729,"Bovine alphaherpesvirus 5","Bos taurus"
"8099",0.966889158913041,0.580127851383935,0.7585022332027,0.360976004541902,"Bovine fever ephemerovirus","Alcelaphus buselaphus"
"8122",0.585830169931632,0.67044388585366,0.580015812959142,0.503384148154039,"Bovine fever ephemerovirus","Bos taurus"
"8210",0.995177616758623,0.562456302687314,0.822910121988205,0.29558345881159,"Bovine fever ephemerovirus","Gazella gazella"
"8217",0.995177616758694,0.562456302687444,0.712541936545904,0.458548269615058,"Bovine fever ephemerovirus","Giraffa camelopardalis"
"8273",0.995177616758765,0.56245630268535,0.758548561273606,0.388923558979053,"Bovine fever ephemerovirus","Loxodonta africana"
"8436",0.600304074388573,0.721499771717762,0.389135100607644,0.716469681695452,"Bovine foamy virus","Bos taurus"
"8485",0.600304074388573,0.721499771717762,0.558509553691389,0.725062415489752,"Bovine gammaherpesvirus 4","Bos taurus"
"8794",0.600304074388573,0.721499771717762,0.410748179772428,0.767171365603751,"Bovine immunodeficiency virus","Bos taurus"
"8850",0.600304074388573,0.721499771717762,0.43942692081479,0.797662438953356,"Bovine leukemia virus","Bos taurus"
"9001",0.600304074388573,0.721499771717762,0.422752843328346,0.757302785494,"Bovine mastadenovirus B","Bos taurus"
"9082",0.600304074388573,0.721499771717762,0.388354062671491,0.713437106622281,"Bovine mastadenovirus D","Bos taurus"
"9150",0.572080330225602,0.770933077795439,0.588343217337615,0.667700458537876,"Bovine orthopneumovirus","Bos taurus"
"9166",0.866945562933675,0.632473674550321,0.678393864703664,0.567936853368923,"Bovine orthopneumovirus","Capra hircus"
"9427",0.511652778688863,0.589162391465162,0.399194997728871,0.799459349604051,"Bovine papular stomatitis virus","Bos taurus"
"9450",0.0438671264139533,0.429656299429071,0.217530657699101,0.835624964224261,"Bovine papular stomatitis virus","Homo sapiens"
"9511",0.597475607153636,0.704975952224362,0.540682699322697,0.714870872476218,"Bovine respirovirus 3","Bos taurus"
"9679",0.99548144157979,0.565341300903159,0.762708492749658,0.445886655196745,"Bovine respirovirus 3","Potamochoerus porcus"
"9882",0.13809630398104,0.586432501188254,0.308105511240652,0.672209349203243,"Brazilian mammarenavirus","Homo sapiens"
"9968",0.998360460974616,0.582396377978942,0.6601785069581,0.640873964656919,"Bukalasa bat virus","Chaerephon pumilus"
"10043",0.993164673440038,0.584094053688763,0.854198512889988,0.435801078245699,"Bunyamwera orthobunyavirus","Arvicanthis niloticus"
"10202",0.997692453802144,0.58213318549846,0.894108398229608,0.324173794524357,"Bunyamwera orthobunyavirus","Lophuromys sikapusi"
"10282",0.988287005119082,0.585572680421102,0.747077267175085,0.351021128627915,"Bunyamwera orthobunyavirus","Odocoileus hemionus"
"10304",0.927070620182288,0.587953078058899,0.219720518047102,0.638054558915774,"Bunyamwera orthobunyavirus","Pan troglodytes"
"10391",0.997054003595517,0.582118745920075,0.768560437405058,0.555715940664818,"Bunyamwera orthobunyavirus","Sigmodon hispidus"
"10493",0.804611320585318,0.572446390859701,0.442867323271926,0.787385494986489,"Bushbush orthobunyavirus","Mus musculus"
"10829",0.998360460974793,0.582396377976377,0.813285754851053,0.621734336311255,"Cali mammarenavirus","Handleyomys fuscatus"
"10832",0.998360460976,0.582396377972251,0.813285754881304,0.621734336331909,"Cali mammarenavirus","Neotoma stephensi"
"10880",0.992558163270695,0.572369852958897,0.806249496057242,0.266051687569152,"California encephalitis orthobunyavirus","Bison bison"
"10976",0.820281683712761,0.544287976204209,0.167829294081182,0.466760153292835,"California encephalitis orthobunyavirus","Equus caballus"
"11053",0.996958750434479,0.572491016358974,0.850720176669398,0.242339689766505,"California encephalitis orthobunyavirus","Lepus americanus"
"11157",0.996958750434372,0.572491016361491,0.855299350440247,0.227409349849685,"California encephalitis orthobunyavirus","Neotamias amoenus"
"11317",0.996958750434514,0.572491016357113,0.854353188971826,0.237374231558641,"California encephalitis orthobunyavirus","Vulpes velox"
"11358",0.996941336804188,0.582230964065299,0.493802424784564,0.718323511541579,"Camelpox virus","Camelus dromedarius"
"11707",0.94944868931505,0.518497574900258,0.751529309918156,0.362012075945379,"Canine mastadenovirus A","Canis lupus"
"11708",0.841937425713069,0.516015238721354,0.591712433994758,0.434262400938393,"Canine mastadenovirus A","Canis lupus familiaris"
"11887",0.99664157848866,0.558869246031019,0.84605114824623,0.229752567612802,"Canine mastadenovirus A","Martes foina"
"11890",0.99664157848827,0.558869246032387,0.857125704110938,0.212655065089882,"Canine mastadenovirus A","Martes pennanti"
"12075",0.996641578488518,0.558869246030786,0.808396970353126,0.278412755713479,"Canine mastadenovirus A","Ursus americanus"
"12087",0.973306669012658,0.526502494805852,0.818847228175075,0.318218420628933,"Canine mastadenovirus A","Vulpes vulpes"
"12133",0.995596926725832,0.543947183516399,0.819915916299941,0.243333505634033,"Canine morbillivirus","Canis latrans"
"12134",0.944957553042513,0.452926865083259,0.745770827275346,0.319376115420413,"Canine morbillivirus","Canis lupus"
"12135",0.8308662048816,0.436541801624441,0.579297529020897,0.382458587677936,"Canine morbillivirus","Canis lupus familiaris"
"12240",0.99253342908992,0.540573546590927,0.841953713653379,0.225550952337124,"Canine morbillivirus","Halichoerus grypus"
"12310",0.959553174297333,0.593732610429718,0.623295383324556,0.341984140070902,"Canine morbillivirus","Macaca mulatta"
"12326",0.995596926726081,0.543947183515879,0.859420087244093,0.20280881125074,"Canine morbillivirus","Meles meles"
"12328",0.995596926726223,0.543947183514292,0.818870101794334,0.224682156002336,"Canine morbillivirus","Melogale moschata"
"12348",0.961703537424776,0.478865390261744,0.857896760188929,0.21728198666949,"Canine morbillivirus","Mustela putorius"
"12380",0.995596926725691,0.543947183516714,0.800498768740042,0.264771082248363,"Canine morbillivirus","Nyctereutes procyonoides"
"12411",0.985444262175649,0.54228555101924,0.803202979751038,0.269933188242417,"Canine morbillivirus","Panthera leo"
"12459",0.971168944061517,0.536704634393414,0.852521654493916,0.224224241032259,"Canine morbillivirus","Puma concolor"
"12525",0.979728766942401,0.551022637640972,0.772725242652485,0.259714564641501,"Canine morbillivirus","Ursus arctos"
"12539",0.970370405225956,0.473321719051938,0.815715507307476,0.277390219764351,"Canine morbillivirus","Vulpes vulpes"
"12558",0.849450854884418,0.578435762664426,0.416976979161311,0.824475504477537,"Canine parainfluenza virus","Canis lupus familiaris"
"12928",0.997537300708484,0.573727820665661,0.795888893209778,0.421243519767343,"Caprine alphaherpesvirus 1","Capra aegagrus"
"12929",0.892224061770085,0.57088515600267,0.621927795434191,0.626650053075191,"Caprine alphaherpesvirus 1","Capra hircus"
"13108",0.885130158656564,0.58551404029687,0.516135849349642,0.704174985782395,"Caprine arthritis encephalitis virus","Capra hircus"
"13137",0.748619796709485,0.606567741313013,0.515290862672841,0.701767713273557,"Caprine arthritis encephalitis virus","Ovis aries"
"13420",0.998360460975077,0.582396377975699,0.72897122551796,0.497510553751698,"Caraparu orthobunyavirus","Heteromys anomalus"
"13502",0.998360460975361,0.582396377974153,0.40123100038307,0.607170451764448,"Caraparu orthobunyavirus","Proechimys guyannensis"
"13667",0.949100524592193,0.576173685947334,0.673047060314861,0.460554651273974,"Cardiovirus A","Cervus elaphus"
"13740",0.998828271675531,0.577571056584392,0.944188886204664,0.117318598526482,"Cardiovirus A","Eulemur albifrons"
"13779",0.304665982728609,0.625792004039692,0.0252574896040937,0.674242669057606,"Cardiovirus A","Homo sapiens"
"13891",0.857031329992945,0.57072195190323,0.61369446313004,0.542573081801552,"Cardiovirus A","Mus musculus"
"14001",0.971511477834722,0.575753422566173,0.820048196549366,0.41300396694472,"Cardiovirus A","Rattus norvegicus"
"14051",0.751039605800593,0.542497932703391,0.453405146970193,0.633998638200963,"Cardiovirus A","Sus scrofa"
"14888",0.996472250805629,0.556475048025543,0.794622082469597,0.272274241577889,"Carnivore protoparvovirus 1","Acinonyx jubatus"
"14934",0.948866625804885,0.487143056560147,0.737339000817836,0.322051851903937,"Carnivore protoparvovirus 1","Canis lupus"
"15010",0.824330823816452,0.469457704616751,0.650127776940499,0.329985000740817,"Carnivore protoparvovirus 1","Felis catus"
"15080",0.996472250805203,0.556475048027027,0.827233997843219,0.234632484668902,"Carnivore protoparvovirus 1","Lontra canadensis"
"15090",0.99647225080609,0.556475048023134,0.845052868170714,0.23705304831446,"Carnivore protoparvovirus 1","Lynx lynx"
"15160",0.996472250805983,0.556475048023285,0.853264090657102,0.251910145587058,"Carnivore protoparvovirus 1","Neofelis nebulosa"
"15167",0.996472250805345,0.556475048027684,0.763939506654998,0.291102103532703,"Carnivore protoparvovirus 1","Neovison vison"
"15228",0.99343507922577,0.554270634047091,0.846342885887872,0.236532262707195,"Carnivore protoparvovirus 1","Prionailurus bengalensis"
"15303",0.979963810792366,0.511960300681824,0.831168076186749,0.237828213904705,"Carnivore protoparvovirus 1","Vulpes lagopus"
"15304",0.996472250806445,0.556475048021424,0.765009168527784,0.291237160197378,"Carnivore protoparvovirus 1","Vulpes macrotis"
"15432",0.98750279915841,0.582053379893228,0.744472218164419,0.441429579172143,"Catu orthobunyavirus","Hylaeamys laticeps"
"15623",0.975472626688391,0.581620670694744,0.546259633454105,0.659835782359961,"Caviid herpesvirus 3","Cavia porcellus"
"15662",0.98517840602297,0.581760474764909,0.636577159919289,0.577161270625371,"Cercopithecine alphaherpesvirus 2","Chlorocebus pygerythrus"
"15803",0.987053381449365,0.581984617185296,0.703533687355897,0.527015503690612,"Cercopithecine alphaherpesvirus 9","Erythrocebus patas"
"16095",0.998170120358692,0.581245548360543,0.759568472045625,0.453471004978577,"Cervid alphaherpesvirus 1","Capra ibex"
"16112",0.974467698894011,0.58028825209254,0.562379641188015,0.633822799684581,"Cervid alphaherpesvirus 1","Cervus elaphus"
"16511",0.998360460974616,0.582396377978586,0.817786826166061,0.334192099824462,"Cetacean morbillivirus","Indopacetus pacificus"
"17058",0.676370970493457,0.603546337629283,0.382749088963562,0.836226500603807,"Chenuda virus","Sus scrofa"
"17129",0.996588877531303,0.56476293930223,0.764282942029407,0.413491935812679,"Chikungunya virus","Cercopithecus ascanius"
"17219",0.144955877067152,0.583937784450015,0.0821664157024359,0.738824475160605,"Chikungunya virus","Homo sapiens"
"17435",0.984095806758279,0.596628321089927,0.762104067713435,0.538197936312063,"Chikungunya virus","Scotophilus kuhlii"
"18216",0.600304074388502,0.721499771717748,0.458409763065197,0.830875373570262,"Corriparta virus","Bos taurus"
"18554",0.999999999999503,0.574065992474352,0.892860072273517,0.175974718799917,"Cowpox virus","Castor canadensis"
"18621",0.840432164468732,0.525537113385379,0.139135931317987,0.543230854192665,"Cowpox virus","Equus caballus"
"18639",0.92383641196981,0.527731428694613,0.668071555353024,0.469372124912033,"Cowpox virus","Felis catus"
"18665",0.351998031765996,0.745839563536981,0.0873297278553111,0.561261113867814,"Cowpox virus","Homo sapiens"
"18754",0.999999999999113,0.574065992475885,0.824882465196977,0.316360643663483,"Cowpox virus","Microtus arvalis"
"18771",0.86477164937355,0.523878957734391,0.582722424228391,0.476332544239207,"Cowpox virus","Mus musculus"
"18784",0.999999999999823,0.574065992471198,0.825531957072676,0.294347878390855,"Cowpox virus","Myodes rutilus"
"18836",0.999999999999326,0.574065992474941,0.900089996089944,0.252099717522648,"Cowpox virus","Panthera uncia"
"18879",0.97639283742615,0.566766309747594,0.761510303684036,0.384997109587693,"Cowpox virus","Rattus norvegicus"
"18890",1,0.574065992471554,0.873893094085203,0.189292798557127,"Cowpox virus","Rhombomys opimus"
"18991",0.47084424090453,0.629579869297795,0.673604070050068,0.631845282188737,"Crimean-Congo hemorrhagic fever orthonairovirus","Bos taurus"
"19007",0.846307001191667,0.626984737395674,0.757834217438243,0.508475897466606,"Crimean-Congo hemorrhagic fever orthonairovirus","Capra hircus"
"19118",0.973763723634684,0.580552158950708,0.823134659632158,0.402664948004659,"Crimean-Congo hemorrhagic fever orthonairovirus","Hippotragus niger"
"19119",0.0204985673531798,0.4614157142659,0.11704419943064,0.707955907757143,"Crimean-Congo hemorrhagic fever orthonairovirus","Homo sapiens"
"19297",0.97553100552757,0.573586118897106,0.644318258409922,0.62679201175003,"Crimean-Congo hemorrhagic fever orthonairovirus","Rattus rattus"
"19750",0.981438587410907,0.581990691501617,0.583873159237898,0.651043141834136,"Deltapapillomavirus 1","Alces alces"
"19905",0.757738347295401,0.600555518610509,0.502917603058127,0.696015518695207,"Deltapapillomavirus 3","Ovis aries"
"19933",0.968160008305623,0.578971938236945,0.745038721383035,0.524811423841638,"Deltapapillomavirus 4","Bos grunniens"
"19936",0.58864806312106,0.704883900783445,0.544430418396622,0.78414262445703,"Deltapapillomavirus 4","Bos taurus"
"19948",0.989508321573128,0.567281809849927,0.678085533439386,0.57904176018682,"Deltapapillomavirus 4","Capreolus capreolus"
"20242",0.997173600172295,0.570714013405328,0.757540071931862,0.253155542479734,"Dengue virus","Artibeus jamaicensis"
"20404",0.203191614962037,0.613696746055402,0.108244996210931,0.39047296210451,"Dengue virus","Homo sapiens"
"20489",0.866364425134474,0.61104474466116,0.594204224662908,0.341802363534041,"Dengue virus","Mus musculus"
"20652",0.995558787417374,0.581114371299891,0.685083723862155,0.324537957057869,"Dengue virus","Rousettus leschenaultii"
"20834",0.757738347295401,0.600555518610495,0.576578452568905,0.757041622689557,"Dera Ghazi Khan orthonairovirus","Ovis aries"
"21113",0.136172719591592,0.567592662325034,0.203692858430953,0.750061302170604,"Dobrava-Belgrade orthohantavirus","Homo sapiens"
"21142",0.996461394794976,0.563775175293222,0.789759080606496,0.437807273006421,"Dobrava-Belgrade orthohantavirus","Meriones tamariscinus"
"21287",0.981743710614138,0.577682088716108,0.657192520786074,0.625757507017231,"Dolphin rhabdovirus","Ursus maritimus"
"21306",0.594689205989091,0.704084232265873,0.483548991950991,0.836030942142775,"Dugbe orthonairovirus","Bos taurus"
"21387",0.992303892761099,0.564447383348518,0.665908694707946,0.666134429937406,"Dugbe orthonairovirus","Mastomys natalensis"
"22178",0.812010796703569,0.557570154346309,0.102812842095492,0.649050192910744,"Eastern equine encephalitis virus","Equus caballus"
"22400",0.986133301725747,0.55592427832101,0.902319492703164,0.309463043234043,"Eastern equine encephalitis virus","Phoca vitulina"
"22464",0.994736518047705,0.559137127353352,0.785437964265809,0.473551911574232,"Eastern equine encephalitis virus","Sciurus carolinensis"
"22480",0.982782411506461,0.570509359122214,0.857486318555353,0.257232805101896,"Eastern equine encephalitis virus","Sturnira lilium"
"22485",0.655183799571598,0.565322338955634,0.450391661379667,0.651481446543074,"Eastern equine encephalitis virus","Sus scrofa"
"22625",0.804611320585318,0.572446390859708,0.486196093736726,0.75074936539945,"Ectromelia virus","Mus musculus"
"22821",0.998360460975361,0.582396377973606,0.684248481797102,0.62077583997638,"Entebbe bat virus","Chaerephon pumilus"
"22852",0.9983604609749,0.582396377975384,0.647927306226118,0.643951558111592,"Entebbe bat virus","Mops condylurus"
"22864",0.998360460975077,0.582396377975097,0.677036004067601,0.625793247843297,"Entebbe bat virus","Pipistrellus pipistrellus"
"22983",0.138096303980969,0.586432501188282,0.149444030642576,0.829927072778867,"Enterovirus A","Homo sapiens"
"23227",0.217608148394933,0.550794882838337,0.135607582596343,0.785048754354507,"Enterovirus B","Homo sapiens"
"23361",0.759990426252414,0.57197812580735,0.390173631285608,0.749005973519845,"Enterovirus B","Sus scrofa"
"23432",0.0796180115848542,0.557489820819294,0.189144986589791,0.786381999474641,"Enterovirus C","Homo sapiens"
"23474",0.885155849870659,0.551940141188727,0.308982872045113,0.729434217652123,"Enterovirus C","Pan troglodytes"
"23553",0.138096303980969,0.586432501188268,0.219615732221373,0.767098051230677,"Enterovirus D","Homo sapiens"
"23614",0.600304074388538,0.721499771717762,0.422045283715968,0.812114691089609,"Enterovirus E","Bos taurus"
"24294",0.588729705550272,0.693021924506307,0.575053705833447,0.658229341089962,"Epizootic hemorrhagic disease virus","Bos taurus"
"24377",0.995372104739192,0.564366404203498,0.806670722676987,0.342418564411644,"Epizootic hemorrhagic disease virus","Gazella subgutturosa"
"24464",0.986140933690964,0.570201921369192,0.714269840039543,0.482946515903263,"Epizootic hemorrhagic disease virus","Odocoileus virginianus"
"24672",0.997033042914147,0.573581758897748,0.798197370584344,0.512307625871208,"Equid alphaherpesvirus 1","Diceros bicornis"
"24686",0.824305607678945,0.561341387795489,0.204348932613216,0.794692538452725,"Equid alphaherpesvirus 1","Equus caballus"
"24693",0.997033042914253,0.57358175889638,0.815084095909092,0.402803807108204,"Equid alphaherpesvirus 1","Equus zebra"
"24916",0.826896019986271,0.57825536990818,0.287336255666089,0.830280998373204,"Equid alphaherpesvirus 3","Equus caballus"
"25034",0.826896019986271,0.57825536990818,0.273387644712237,0.820996354793233,"Equid alphaherpesvirus 4","Equus caballus"
"25660",0.826896019986271,0.57825536990818,0.268608037846545,0.82684301766326,"Equid gammaherpesvirus 5","Equus caballus"
"25845",0.998360460975148,0.582396377974221,0.745967900084599,0.537278070578805,"Equine encephalosis virus","Equus quagga burchellii"
"26146",0.826896019986271,0.57825536990818,0.215451880547702,0.895864172040338,"Equine infectious anemia virus","Equus caballus"
"26544",0.992864178807487,0.57341083396412,0.567068396807121,0.744215967383178,"Equine rhinitis A virus","Camelus dromedarius"
"26561",0.82146022500102,0.569477432799395,0.272071767942458,0.823615246094562,"Equine rhinitis A virus","Equus caballus"
"27398",0.998360460975113,0.582396377976568,0.808552906069806,0.441332216304817,"European bat 2 lyssavirus","Myotis dasycneme"
"27399",0.998360460975432,0.582396377974071,0.741341738549039,0.477494421685355,"European bat 2 lyssavirus","Myotis daubentonii"
"27602",0.138096303980933,0.586432501188254,0.103142625093764,0.944422864524357,"Everglades virus","Homo sapiens"
"27819",0.890759027126918,0.572105576754942,0.586604946723825,0.672865981541814,"Eyach coltivirus","Capra hircus"
"27898",0.974937399722799,0.574419220933145,0.558892705701631,0.736013002079555,"Eyach coltivirus","Oryctolagus cuniculus"
"28122",0.990672546620519,0.581273021366406,0.696402643030924,0.558552893747929,"Felid alphaherpesvirus 1","Panthera leo"
"28208",0.846149546338667,0.557768630721717,0.484981513606884,0.736954927929885,"Feline calicivirus","Canis lupus familiaris"
"28214",0.997179728132035,0.572040700629894,0.791130444665339,0.411868440660855,"Feline calicivirus","Caracal caracal"
"28373",0.994141224876521,0.570031283286683,0.791272206939705,0.431793995304452,"Feline calicivirus","Prionailurus bengalensis"
"28442",0.991084701807977,0.581481918523405,0.731709848862245,0.567088841522706,"Feline foamy virus","Felis silvestris"
"28573",0.833305049856479,0.55657782434061,0.574674399139114,0.635478311057917,"Feline immunodeficiency virus","Felis catus"
"28588",0.997104828174219,0.57302079416094,0.817317193402113,0.354941311811617,"Feline immunodeficiency virus","Hyaena hyaena"
"28598",0.997104828174148,0.57302079415962,0.782071844702427,0.430895929557574,"Feline immunodeficiency virus","Leopardus pardalis"
"28807",0.830954701706773,0.546540155068075,0.561137962437314,0.650919313192857,"Feline leukemia virus","Felis catus"
"28809",0.988851789027986,0.568839225374205,0.790740403003452,0.429012465776829,"Feline leukemia virus","Felis silvestris"
"28845",0.996863845130957,0.570388038688708,0.783480573228114,0.431766384037569,"Feline leukemia virus","Lynx pardinus"
"28923",0.973600487666041,0.567465745509334,0.758642621435692,0.488256568014656,"Feline leukemia virus","Puma concolor"
"29079",0.960798065614846,0.57546061775192,0.757491131474835,0.358061866858867,"Foot-and-mouth disease virus","Alcelaphus buselaphus"
"29100",0.958636296025969,0.569886591225488,0.770216334875429,0.358790646010343,"Foot-and-mouth disease virus","Bos grunniens"
"29103",0.37051819405138,0.812345795504683,0.574644322392228,0.514891352007282,"Foot-and-mouth disease virus","Bos taurus"
"29107",0.974058833192865,0.564639860645617,0.619373201794862,0.498305098764563,"Foot-and-mouth disease virus","Bubalus bubalis"
"29219",0.191409585152795,0.416054073665973,0.143486189631221,0.558499534557427,"Foot-and-mouth disease virus","Homo sapiens"
"29229",0.959622222132737,0.58567119794225,0.791326480723586,0.327720236646266,"Foot-and-mouth disease virus","Kobus ellipsiprymnus"
"29323",0.99876004078207,0.552658917860234,0.796762535114573,0.312358043019603,"Foot-and-mouth disease virus","Oryx leucoryx"
"29329",0.781246383574683,0.704881700240963,0.628760974082567,0.456557832771266,"Foot-and-mouth disease virus","Ovis aries"
"29399",0.684532609858028,0.713891859912418,0.421217825389086,0.547869281751172,"Foot-and-mouth disease virus","Sus scrofa"
"29401",0.958536588263744,0.570207275953283,0.757438163811748,0.352351938457649,"Foot-and-mouth disease virus","Syncerus caffer"
"29428",0.9983604609749,0.582396377976404,0.813161618409292,0.591031437694656,"Fort Morgan virus","Dipodomys ordii"
"29545",0.998360460975326,0.582396377974912,0.747420577333214,0.630963765908412,"Gallid alphaherpesvirus 2","Sarcophilus harrisii"
"29589",0.804611320585211,0.57244639085966,0.442867323271926,0.787385494994751,"Gammaarterivirus lacdeh","Mus musculus"
"29643",0.138096303980969,0.586432501188254,0.293017902660785,0.684447426918499,"Gammapapillomavirus 10","Homo sapiens"
"29673",0.138096303980969,0.586432501188254,0.293017902660785,0.684447426918499,"Gammapapillomavirus 13","Homo sapiens"
"30089",0.138096303980969,0.586432501188254,0.287062569941303,0.696545865365332,"Gibbon ape leukemia virus","Homo sapiens"
"30389",0.998360460974829,0.582396377975795,0.408360896777297,0.684992381493425,"Guajara orthobunyavirus","Proechimys guyannensis"
"30530",0.987502799158304,0.582053379893214,0.721712507099715,0.493489772264255,"Guama orthobunyavirus","Hylaeamys laticeps"
"30695",0.138096303981075,0.586432501188254,0.226909278553282,0.797387584303027,"Guanarito mammarenavirus","Homo sapiens"
"30750",0.977916986792865,0.590977083479759,0.448930923241822,0.734050699680441,"Guaroa orthobunyavirus","Bubalus bubalis"
"30770",0.157850292548248,0.595876990635123,0.238998205180496,0.782957137676161,"Guaroa orthobunyavirus","Homo sapiens"
"30809",0.975472626688461,0.581620670694553,0.546259633457467,0.659835782364092,"Guinea pig type-c oncovirus","Cavia porcellus"
"30834",0.99772117831115,0.571926706335352,0.440526321058412,0.522499689530299,"Hantaan orthohantavirus","Apodemus agrarius"
"30922",0.245675532076621,0.628062850854682,0.132206850924363,0.840862868225648,"Hantaan orthohantavirus","Homo sapiens"
"30991",0.868284492954513,0.602027917110853,0.546334505902666,0.720374634035453,"Hantaan orthohantavirus","Mus musculus"
"31068",0.99772117831115,0.571926706335044,0.832627185044086,0.349548293686165,"Hantaan orthohantavirus","Rattus nitidus"
"31069",0.969554926121934,0.593597479239834,0.701761032888607,0.614155446022945,"Hantaan orthohantavirus","Rattus norvegicus"
"31201",0.996776078194195,0.571483742063824,0.815490725526564,0.351741782458505,"Hendra henipavirus","Dobsonia moluccensis"
"31210",0.849873628003797,0.602131581275563,0.232908007014541,0.837954879399818,"Hendra henipavirus","Equus caballus"
"31238",0.16010820458774,0.571730194252598,0.170163641734912,0.893284705922325,"Hendra henipavirus","Homo sapiens"
"31315",0.993787826725141,0.571655955034264,0.640866636775055,0.715020183589832,"Hendra henipavirus","Pteropus alecto"
"31473",0.138096303980969,0.586432501188268,0.103701744612209,1,"Hepacivirus C","Homo sapiens"
"31646",0.572771351549712,0.734460714706358,0.467809678219603,0.733172576355802,"Hepatitis B virus","Bos taurus"
"31777",0.906595080066735,0.592163625389561,0.27069511708977,0.717153860016248,"Hepatitis B virus","Pan troglodytes"
"31840",0.138096303980969,0.586432501188254,0.293017902660785,0.684447426918499,"Hepatitis delta virus","Homo sapiens"
"31959",0.115394693076581,0.576363391023829,0.130906653829124,0.782506562582809,"Hepatovirus A","Homo sapiens"
"31988",0.945269768798076,0.573610966517356,0.716438955219849,0.541085650624778,"Hepatovirus A","Macaca nemestrina"
"32453",0.998354264615035,0.582339566630739,0.407064356704654,0.607822249609713,"Human alphaherpesvirus 1","Gorilla beringei"
"32454",0.997588813367723,0.582273458737099,0.371297706693902,0.614524230321085,"Human alphaherpesvirus 1","Gorilla gorilla"
"32613",0.138096303980898,0.586432501188268,0.251678303083993,0.738567449996472,"Human alphaherpesvirus 2","Homo sapiens"
"32765",0.138096303980898,0.586432501188268,0.293017902660785,0.684447426918499,"Human betaherpesvirus 7","Homo sapiens"
"32791",0.138096303980898,0.586432501188268,0.250224093943443,0.763679622263618,"Human coronavirus 229E","Homo sapiens"
"32819",0.138096303980898,0.586432501188268,0.293017902660785,0.684447426918499,"Human coronavirus HKU1","Homo sapiens"
"32828",0.138096303980898,0.586432501188268,0.308105511240652,0.672209349199112,"Human coronavirus NL63","Homo sapiens"
"32937",0.995714922304996,0.581871086663702,0.709650204449273,0.519122757671078,"Human gammaherpesvirus 4","Macaca radiata"
"33005",0.998339232571611,0.582124541444332,0.59169536195,0.65776738760039,"Human gammaherpesvirus 4","Pongo pygmaeus"
"33143",0.115394693076581,0.576363391023883,0.176604162903454,0.782502864073114,"Human gammaherpesvirus 8","Homo sapiens"
"33162",0.945269768798572,0.573610966515297,0.651538880562194,0.596702262382903,"Human gammaherpesvirus 8","Macaca nemestrina"
"33301",0.0796180115848897,0.557489820819321,0.182917805611166,0.861470505744206,"Human immunodeficiency virus 1","Homo sapiens"
"33341",0.885155849870091,0.551940141191532,0.303954910436256,0.789449576658396,"Human immunodeficiency virus 1","Pan troglodytes"
"33411",0.138096303981075,0.586432501188268,0.239243128208355,0.771556097371081,"Human mastadenovirus A","Homo sapiens"
"33483",0.138096303981075,0.586432501188268,0.217967425631296,0.763904736907571,"Human mastadenovirus B","Homo sapiens"
"33590",0.138096303981075,0.586432501188268,0.177572750899133,0.857449207176167,"Human mastadenovirus C","Homo sapiens"
"33696",0.138096303981075,0.586432501188268,0.239243128208355,0.771556097371081,"Human mastadenovirus D","Homo sapiens"
"33798",0.931648490116492,0.579762407962594,0.331648140357928,0.719016350580243,"Human mastadenovirus E","Pan troglodytes"
"33861",0.138096303981075,0.586432501188268,0.222262494256312,0.774618522242896,"Human mastadenovirus F","Homo sapiens"
"34055",0.138096303981075,0.586432501188268,0.2312851173093,0.790373818847241,"Human metapneumovirus","Homo sapiens"
"34163",0.138096303981075,0.586432501188268,0.168734577178409,0.841866851641583,"Human orthopneumovirus","Homo sapiens"
"34316",0.138096303981075,0.586432501188268,0.202265932940812,0.792890547128064,"Human orthorubulavirus 2","Homo sapiens"
"34746",0.138096303981075,0.586432501188268,0.293017902664146,0.684447426918499,"Human polyomavirus 2","Homo sapiens"
"34990",0.959773504480576,0.560430469043283,0.814341984142557,0.434871725062121,"Human respirovirus 3","Cavia porcellus"
"35014",0.996363113782323,0.561983564344763,0.79930048638656,0.255605812635596,"Human respirovirus 3","Cercopithecus mitis"
"35092",0.107460293003648,0.527037518075758,0.0672317678223699,0.705558546672988,"Human respirovirus 3","Homo sapiens"
"35236",0.996363113782891,0.56198356434258,0.759580845019467,0.286202775312191,"Human respirovirus 3","Papio ursinus"
"35427",0.990065143183823,0.560800644941577,0.671214810914609,0.642279617439426,"Ife virus","Arvicanthis niloticus"
"35436",0.566202067637905,0.756510471655548,0.485714907113,0.800799073511808,"Ife virus","Bos taurus"
"35446",0.865287536811499,0.625958633672591,0.585046186486394,0.703700197483632,"Ife virus","Capra hircus"
"36073",0.998171216354647,0.576975251051361,0.820689493338319,0.321272102813539,"Indiana vesiculovirus","Dasypus novemcinctus"
"36157",0.998171216354682,0.576975251051703,0.809079637091289,0.291258332440629,"Indiana vesiculovirus","Lophostoma silvicolum"
"36193",0.981065942366391,0.563973955737095,0.784496203591849,0.426640770163638,"Indiana vesiculovirus","Mephitis mephitis"
"36260",0.99187824240032,0.574134812841973,0.806023148909805,0.280216576888111,"Indiana vesiculovirus","Ovis canadensis"
"36437",0.99979238786164,0.565249523885639,0.926130065622653,0.17684608376212,"Influenza A virus","Callorhinus ursinus"
"36548",0.920077311695317,0.536003910256929,0.724421932449663,0.503348738815737,"Influenza A virus","Felis catus"
"36594",0.360287861823436,0.645051899376875,0.0354294995134861,0.631509893566513,"Influenza A virus","Homo sapiens"
"36715",0.859477677845282,0.537909732738568,0.617770227410811,0.509727279893309,"Influenza A virus","Mus musculus"
"36720",0.980226815596223,0.545686332843657,0.949915157508037,0.201279400576786,"Influenza A virus","Mustela putorius"
"36881",0.999792387862349,0.565249523882998,0.882323175306142,0.426444240335142,"Influenza A virus","Semnopithecus entellus"
"36895",0.754369779255898,0.518107098861213,0.45920431326083,0.596929799899787,"Influenza A virus","Sus scrofa"
"36967",0.910241892321601,0.59324603569736,0.424212556970267,0.920131004596507,"Influenza B virus","Canis lupus familiaris"
"37007",0.190287697578136,0.591909126628932,0.149525698886872,0.908093367675479,"Influenza B virus","Homo sapiens"
"37095",0.996954770325566,0.573067224743814,0.770965425487478,0.503869820405728,"Influenza B virus","Pusa caspica"
"37538",0.998360460974829,0.582396377976411,0.787423728594033,0.417273797400705,"Issyk-Kul virus","Myotis blythii"
"37579",0.998360460975361,0.582396377974803,0.739810858730044,0.459255131809744,"Issyk-Kul virus","Pipistrellus pipistrellus"
"37774",0.757738347295401,0.600555518610495,0.533736760054167,0.685667520999706,"Jaagsiekte sheep retrovirus","Ovis aries"
"37833",0.309151526189591,1,0.647120243998776,0.58692301761026,"Japanese encephalitis virus","Bos taurus"
"37841",0.88312056543535,0.611831720107729,0.578703239797721,0.671113629148801,"Japanese encephalitis virus","Canis lupus familiaris"
"37894",0.780649861676019,0.594548274868159,0.149637771222511,0.625766839083951,"Japanese encephalitis virus","Equus caballus"
"37903",0.899273383936733,0.579723691272728,0.654772657289858,0.552707193690282,"Japanese encephalitis virus","Felis catus"
"37940",0.373657509414428,0.438096168546599,0.0965590573176195,0.65678304818674,"Japanese encephalitis virus","Homo sapiens"
"38070",0.778905346706738,0.730873796880035,0.68086673036946,0.481547244580372,"Japanese encephalitis virus","Ovis aries"
"38112",0.998757107707477,0.551230487570682,0.769604628465269,0.537661376962411,"Japanese encephalitis virus","Procyon lotor"
"38175",0.978407536476819,0.567914704070602,0.766206990929159,0.48612408538372,"Japanese encephalitis virus","Scotophilus kuhlii"
"38190",0.676905229978177,0.734795346750504,0.441358093671517,0.627080815927316,"Japanese encephalitis virus","Sus scrofa"
"38250",0.998360460975361,0.582396377973236,0.780051240807121,0.614840123219484,"Juquitiba virus","Oligoryzomys fornesi"
"38357",0.998360460974616,0.582396377977314,0.719151026228835,0.630156229240421,"Kaeng Khoi orthobunyavirus","Chaerephon plicatus"
"39202",0.998360460974687,0.582396377976479,0.813289418801164,0.450598639281365,"Kyasanur Forest disease virus","Rhinolophus rouxii"
"39301",0.980936145735454,0.581936717346062,0.772121750928461,0.658884497451645,"Lagos bat lyssavirus","Eidolon helvum"
"39369",0.998221337899839,0.582163336787812,0.840416225696688,0.238679510654799,"Lagos bat lyssavirus","Macronycteris commersoni"
"39550",0.998360460975397,0.582396377974187,0.813283405586175,0.621232442230784,"Laguna Negra orthohantavirus","Calomys callidus"
"40125",0.983688656565343,0.581698142910485,0.857244606590826,0.359561052942245,"Lassa mammarenavirus","Mastomys huberti"
"40126",0.994834470213289,0.581195914877404,0.788615861511544,0.598276095205693,"Lassa mammarenavirus","Mastomys natalensis"
"40241",0.968885404392077,0.581428527395816,0.579953043247436,0.810649109738459,"Lassa mammarenavirus","Rattus rattus"
"40302",0.998360460974261,0.582396377978983,0.760506242473721,0.574913985258628,"Latino mammarenavirus","Calomys callosus"
"40837",0.978717701352826,0.576275400210335,0.733502963806908,0.520157401115186,"Lumpy skin disease virus","Aepyceros melampus"
"40857",0.584863889081871,0.721766476142871,0.508679783928975,0.724627744662663,"Lumpy skin disease virus","Bos taurus"
"40935",0.949417072225606,0.589511985274416,0.756450010457124,0.467067123326799,"Lumpy skin disease virus","Kobus ellipsiprymnus"
"41081",0.95895009371526,0.560151046554817,0.693183110533291,0.54723774225483,"Lymphocytic choriomeningitis mammarenavirus","Cavia porcellus"
"41122",0.108327637735095,0.525974379273529,0.182835301154177,0.712649315394821,"Lymphocytic choriomeningitis mammarenavirus","Homo sapiens"
"41161",0.985328706668857,0.561355030396704,0.731214175757186,0.508466424974256,"Lymphocytic choriomeningitis mammarenavirus","Mesocricetus auratus"
"41179",0.996510993011978,0.561709422073895,0.805346927063986,0.383378925031295,"Lymphocytic choriomeningitis mammarenavirus","Mus mattheyi"
"41249",0.996510993011872,0.561709422075181,0.805346927097599,0.38337892505608,"Lymphocytic choriomeningitis mammarenavirus","Saguinus imperator"
"41259",0.994157294810923,0.603894782786683,0.686865604819463,0.537643086113126,"Lymphocytic choriomeningitis mammarenavirus","Sciurus vulgaris"
"41577",0.954048179542951,0.579917912646997,0.695866793559767,0.574859266995554,"Macacine alphaherpesvirus 1","Macaca nemestrina"
"41624",0.928541413123552,0.577575403702827,0.263629428002953,0.731349782052686,"Macacine alphaherpesvirus 1","Pan troglodytes"
"42320",0.998360460975113,0.582396377973852,0.813242926449645,0.610887493622913,"Macropodid alphaherpesvirus 1","Macropus parma"
"42891",0.998360460974829,0.582396377975706,0.613462633658693,0.650369122944539,"Mamastrovirus 11","Zalophus californianus"
"43038",0.998226721472816,0.578317778772791,0.737650812434565,0.589034067751587,"Mamastrovirus 17","Lyroderma lyra"
"43061",0.981609996507575,0.573605030846042,0.57563417384203,0.698639461010679,"Mamastrovirus 17","Rhinolophus ferrumequinum"
"43341",0.418140370557761,0.790469893762296,0.655034742507575,0.804666586112738,"Mammalian 1 orthobornavirus ","Bos taurus"
"43353",0.89195014835624,0.623952594848243,0.585545989449789,0.920509315956114,"Mammalian 1 orthobornavirus ","Canis lupus familiaris"
"43416",0.903144132213288,0.608024993922739,0.661659361842814,0.749241209247903,"Mammalian 1 orthobornavirus ","Felis catus"
"43441",0.264837312098698,0.454432228487639,0.0818911831786147,0.901904547844682,"Mammalian 1 orthobornavirus ","Homo sapiens"
"43448",0.99902134607413,0.553960709693671,0.827979231654001,0.678632256889773,"Mammalian 1 orthobornavirus ","Lama glama"
"43516",0.999791706177177,0.558105599737109,0.831596576489912,0.478612622666968,"Mammalian 1 orthobornavirus ","Microtus oeconomus"
"43565",0.798696562036808,0.68588479271949,0.686393424235457,0.63882653937977,"Mammalian 1 orthobornavirus ","Ovis aries"
"43768",0.122393587991949,0.584766062299619,0.138397723621841,0.835618398923313,"Mammalian orthoreovirus","Homo sapiens"
"43820",0.996477024162486,0.567018858770688,0.825674439210407,0.319975262734269,"Mammalian orthoreovirus","Mus musculoides"
"43860",0.97419169777265,0.565582807449247,0.702912901889797,0.498701095933721,"Mammalian orthoreovirus","Papio cynocephalus"
"43913",0.990612549237556,0.608209490297219,0.722498586711273,0.560190787372332,"Mammalian orthoreovirus","Rhinolophus pusillus"
"44071",0.98766779651633,0.568334791851076,0.532020863649931,0.77006643640765,"Mammalian orthorubulavirus 5","Macaca fascicularis"
"44077",0.993299855064406,0.567724439126489,0.725103179520977,0.50952975477534,"Mammalian orthorubulavirus 5","Macaca radiata"
"44207",0.661270418896933,0.576024086356329,0.388499477666066,0.825193030382375,"Mammalian orthorubulavirus 5","Sus scrofa"
"44476",0.992355975005192,0.566794480075527,0.762746188006233,0.541207337711176,"Marburg marburgvirus","Hipposideros caffer"
"44480",0.144583526933395,0.551039159076632,0.135566040430631,0.949532689512043,"Marburg marburgvirus","Homo sapiens"
"44484",0.996589741936859,0.563119956011628,0.785067996810934,0.493037061114243,"Marburg marburgvirus","Hypsignathus monstrosus"
"44931",0.967228870859081,0.581936139505786,0.496536734965279,0.697727450280829,"Mason-Pfizer monkey virus","Macaca mulatta"
"44952",0.998113011967577,0.582191270061023,0.726900141005041,0.461967385611846,"Mason-Pfizer monkey virus","Miopithecus talapoin"
"45054",0.998272887439875,0.582025991443258,0.787656101984627,0.387397078807138,"Mayaro virus","Bradypus tridactylus"
"45199",0.998272887439485,0.582025991446179,0.81243727182566,0.335129678077635,"Mayaro virus","Mico argentatus"
"45275",0.987502787856053,0.581337879135147,0.70649720882706,0.482896582612331,"Mayaro virus","Saimiri sciureus"
"45431",0.9674722727934,0.582137148936387,0.517995701314771,0.696402963421375,"Measles morbillivirus","Macaca mulatta"
"45576",0.230605803840435,0.568694711960594,0.196253060646405,0.882711385707995,"Menangle pararubulavirus","Homo sapiens"
"45629",0.995792124103197,0.584980719109928,0.692377368197744,0.611744126212331,"Menangle pararubulavirus","Pteropus poliocephalus"
"45653",0.761766760124931,0.586358682127031,0.380513341576341,0.841612066702877,"Menangle pararubulavirus","Sus scrofa"
"45921",0.998360460975361,0.582396377974167,0.514119070125507,0.65981901807863,"Mischivirus A","Miniopterus schreibersii"
"46102",0.979657066027022,0.572888777441402,0.666502008949629,0.737974557860786,"Mokola lyssavirus","Eidolon helvum"
"46113",0.833124377857076,0.565352456455583,0.542022292263729,0.838179713039669,"Mokola lyssavirus","Felis catus"
"46308",0.998360460975113,0.582396377975699,0.651667613825944,0.695602283431111,"Molluscum contagiosum virus","Equus asinus"
"46618",0.996032608281806,0.56152567706179,0.642143901496556,0.562273687697922,"Monkeypox virus","Didelphis marsupialis"
"46646",0.077534419485838,0.538144005465049,0.13682502027108,0.770293826075687,"Monkeypox virus","Homo sapiens"
"46721",0.884660802201982,0.550155536005606,0.266393663200811,0.692798102477775,"Monkeypox virus","Pan troglodytes"
"46867",0.998360460974545,0.582396377979421,0.813385859064147,0.641389858186208,"Mount Elgon bat ledantevirus","Rhinolophus hildebrandtii"
"46892",0.138096303980862,0.586432501189308,0.202701850573356,0.854642952707915,"Mouse mammary tumor virus","Homo sapiens"
"47560",0.138096303980862,0.586432501189308,0.293017902667507,0.684447426918499,"Mupapillomavirus 1","Homo sapiens"
"47681",0.804611320585211,0.572446390859687,0.497041095622466,0.722412508225852,"Murid betaherpesvirus 1","Mus musculus"
"47922",0.902486754652608,0.581288809247095,0.631223969133805,0.65790522923569,"Murid betaherpesvirus 2","Rattus norvegicus"
"48002",0.971128901776227,0.577491988757256,0.709142584189084,0.52727625423591,"Murid gammaherpesvirus 4","Apodemus flavicollis"
"48011",0.99670370404835,0.574745288788356,0.735275039660229,0.524169129429123,"Murid gammaherpesvirus 4","Bandicota indica"
"48099",0.803517008339567,0.560427954967097,0.498434732609973,0.689684627577254,"Murid gammaherpesvirus 4","Mus musculus"
"48649",0.351450036291926,0.841293407579154,0.585143137136892,0.881159002935245,"Murine leukemia virus","Bos taurus"
"48709",0.281900817490498,0.43155866252398,0.0878769507952072,0.974749590824646,"Murine leukemia virus","Homo sapiens"
"48766",0.819381512157911,0.580175305722759,0.529568494779709,0.821565852830328,"Murine leukemia virus","Mus musculus"
"48800",0.938081282744986,0.551128355985025,0.69464879615787,0.841633086491333,"Murine leukemia virus","Oryctolagus cuniculus"
"48804",0.781080490830172,0.705263913718367,0.635543749267238,0.714932521735943,"Murine leukemia virus","Ovis aries"
"48852",0.966197457414414,0.544871748238291,0.695238782136497,0.692628630805904,"Murine leukemia virus","Rattus norvegicus"
"48886",0.682892262222704,0.712585533623103,0.404856179745493,0.908781310017827,"Murine leukemia virus","Sus scrofa"
"49136",0.975472626688426,0.581620670694779,0.726939791300077,0.587342445771028,"Murine orthopneumovirus","Cavia porcellus"
"49486",0.804611320585211,0.572446390859687,0.506537919677405,0.727576757786532,"Murine respirovirus","Mus musculus"
"49609",0.910727909364236,0.593233976647505,0.467750532005483,0.977023013522047,"Murray Valley encephalitis virus","Canis lupus familiaris"
"49663",0.199091896009796,0.571994381542556,0.155477178468838,0.96308396304656,"Murray Valley encephalitis virus","Homo sapiens"
"49738",0.994047725686856,0.573069889830722,0.645409193507956,0.756796149543141,"Murray Valley encephalitis virus","Pteropus alecto"
"49833",0.804611320585318,0.572446390859708,0.442753795041991,0.784450652223069,"Mus musculus polyomavirus 1","Mus musculus"
"50092",0.998182544419726,0.581476077800199,0.718630072980912,0.593734005288447,"Myxoma virus","Lepus timidus"
"50108",0.976219591025805,0.579926071676573,0.479500702588641,0.787941782253417,"Myxoma virus","Oryctolagus cuniculus"
"50128",0.998182544419442,0.581476077800514,0.704280541731492,0.602123766781323,"Myxoma virus","Sylvilagus brasiliensis"
"50714",0.991667035569493,0.577820687356532,0.761706158272288,0.417955832708414,"New Jersey vesiculovirus","Odocoileus virginianus"
"50842",0.963416832522496,0.573486214695751,0.80708604429687,0.39697263433269,"New Jersey vesiculovirus","Urocyon cinereoargenteus"
"50877",0.983344928219441,0.582356777155335,0.55511126544943,0.670029902791453,"New York hantavirus","Peromyscus leucopus"
"51002",0.907164965151988,0.594194282012717,0.570133135434975,0.812238439475868,"Nipah henipavirus","Canis lupus familiaris"
"51037",0.953828317452254,0.577266723283525,0.793026622937947,0.564239152234857,"Nipah henipavirus","Eidolon helvum"
"51089",0.260235387629703,0.620572278505654,0.100776315608817,0.796208430832068,"Nipah henipavirus","Homo sapiens"
"51255",0.998278538854138,0.577459996597873,0.866269002570283,0.239218905157183,"Nipah henipavirus","Pteropus rodricensis"
"51256",0.998278538853819,0.577459996600021,0.867212831778341,0.402026955394203,"Nipah henipavirus","Pteropus rufus"
"51288",0.99665903468916,0.587533820029967,0.657237148109783,0.630961305196487,"Nipah henipavirus","Rousettus leschenaultii"
"51312",0.754617844260798,0.596138996828675,0.438382858869898,0.749923421973403,"Nipah henipavirus","Sus scrofa"
"51456",0.511652778689005,0.589162391465162,0.618544918962486,0.747292619857248,"Norwalk virus","Bos taurus"
"51542",0.0438671264142017,0.429656299428038,0.105686262760635,0.828928389577421,"Norwalk virus","Homo sapiens"
"51875",0.804611320585176,0.572446390859667,0.447976343880127,0.785258582358767,"Oliveros mammarenavirus","Mus musculus"
"52262",0.865530375149292,0.585421074929314,0.611479579333727,0.613448946814095,"Orf virus","Capra hircus"
"52313",0.175181047728186,0.593972422603612,0.176468058120668,0.745190872506991,"Orf virus","Homo sapiens"
"52369",0.997058188764817,0.578864592499985,0.746336478019589,0.459138878518573,"Orf virus","Ovibos moschatus"
"52370",0.823906619138514,0.572890162525259,0.585696551790437,0.614295375994811,"Orf virus","Ovis aries"
"52391",0.981524392293427,0.579054036734811,0.723559976413992,0.492812398766066,"Orf virus","Rangifer tarandus"
"52818",0.412041837668191,0.75484010403223,0.752556095858236,0.680644882061212,"Orthohepevirus A","Bos taurus"
"52927",0.800604773390592,0.634831394393957,0.0455600528948445,0.728220557410276,"Orthohepevirus A","Equus caballus"
"52975",0.14254510147958,0.42343996486335,0,0.791650494258014,"Orthohepevirus A","Homo sapiens"
"53025",0.997002391275505,0.56277130700722,0.950244767509998,0.395597245367734,"Orthohepevirus A","Macaca fuscata"
"53273",0.690532352465145,0.701636827275554,0.459419821632172,0.733602626537735,"Orthohepevirus A","Sus scrofa"
"53534",0.996941336804188,0.582230964065299,0.585868520895046,0.700622694528597,"Orungo virus","Camelus dromedarius"
"53805",0.995706950187302,0.559514033657861,0.733306430157386,0.45677314272046,"Ovine gammaherpesvirus 2","Bos frontalis"
"53807",0.995706950187621,0.559514033656431,0.786870213970482,0.378926432320955,"Ovine gammaherpesvirus 2","Bos javanicus"
"53828",0.882109858511927,0.562604275110033,0.647678330100566,0.573519113127767,"Ovine gammaherpesvirus 2","Capra hircus"
"53832",0.989984683275034,0.563212146931186,0.684467104538979,0.500850954214252,"Ovine gammaherpesvirus 2","Capreolus capreolus"
"53969",0.741752226236516,0.57225473637963,0.613356535507322,0.575827616873016,"Ovine gammaherpesvirus 2","Ovis aries"
"54187",0.982987088190538,0.581127980372455,0.63783693325443,0.62257977779095,"Ovine respiratory syncytial virus","Oreamnos americanus"
"54192",0.992009171773028,0.58017540613226,0.645456195981453,0.618708909957663,"Ovine respiratory syncytial virus","Ovis canadensis"
"54403",0.931648490116492,0.579762407962594,0.357935012476948,0.713054217578821,"Panine betaherpesvirus 2","Pan troglodytes"
"54488",0.986847759889557,0.582089768884096,0.619260805408779,0.589799089876541,"Panine gammaherpesvirus 1","Papio cynocephalus"
"54834",0.138096303981146,0.586432501187467,0.293017902664146,0.684447426918499,"Parechovirus A","Homo sapiens"
"54853",0.996461394795899,0.563775175289609,0.614325644549009,0.60164380036079,"Parechovirus B","Apodemus sylvaticus"
"54904",0.136172719590066,0.56759266233115,0.190572237558903,0.761184072430649,"Parechovirus B","Homo sapiens"
"55432",0.998360460974722,0.582396377976876,0.542354223847394,0.660662425877625,"Pegivirus A","Aotus trivirgatus"
"55470",0.998360460975326,0.582396377974173,0.770412759886307,0.519860723870091,"Pegivirus A","Leontocebus nigricollis"
"55517",0.998360460974793,0.582396377977081,0.797265503788086,0.500812043046408,"Pegivirus A","Saguinus labiatus"
"55723",0.967115550415226,0.570558968496934,0.753315585310459,0.477082235181031,"Pestivirus A","Bos grunniens"
"55726",0.556397690032137,0.626291206996547,0.55926098542403,0.695602407704942,"Pestivirus A","Bos taurus"
"55729",0.943985381464352,0.567926118255764,0.603895048593934,0.661662370559259,"Pestivirus A","Bubalus bubalis"
"55732",0.994265428292665,0.556913756094677,0.767992290388737,0.495298362246838,"Pestivirus A","Camelus bactrianus"
"55757",0.965977782859261,0.558408501834509,0.578388919119394,0.613583759660981,"Pestivirus A","Cervus elaphus"
"55864",0.981300216597971,0.56099069561082,0.692139494419936,0.480293039348182,"Pestivirus A","Odocoileus hemionus"
"55871",0.994265428293019,0.556913756091468,0.786912025075742,0.395129381249646,"Pestivirus A","Oryx gazella"
"55936",0.967041009196019,0.570726448515804,0.747500812828714,0.448780115104609,"Pestivirus A","Syncerus caffer"
"55957",0.99426542829341,0.556913756089655,0.774344416046214,0.440295765796754,"Pestivirus A","Vicugna vicugna"
"55974",0.600304074388502,0.721499771717762,0.48035092167442,0.782761056235615,"Pestivirus B","Bos taurus"
"56235",0.560791601060411,0.818868438017862,0.493390078336177,0.751701647522236,"Pestivirus D","Bos taurus"
"56326",0.720221888085421,0.71138322796074,0.570226571108888,0.666153100494388,"Pestivirus D","Ovis aries"
"56352",0.99387511073568,0.555610379932551,0.766267627443229,0.482163578386031,"Pestivirus D","Rupicapra pyrenaica"
"56509",0.993958810619537,0.581441645701733,0.683720741613673,0.599448748296844,"Phocid alphaherpesvirus 1","Phoca vitulina"
"56519",0.998325159445522,0.581925505476138,0.7585274311061,0.52693576112098,"Phocid alphaherpesvirus 1","Pusa hispida"
"56705",0.995101052843491,0.577832172046641,0.7852469924705,0.464012146276114,"Phocine morbillivirus","Halichoerus grypus"
"56774",0.998166783376974,0.5806599673951,0.721995679662738,0.551404021247077,"Phocine morbillivirus","Odobenus rosmarus"
"56785",0.998166783376052,0.580659967399041,0.787987931403397,0.477252609172462,"Phocine morbillivirus","Pagophilus groenlandicus"
"56799",0.99355124884584,0.57865914522743,0.758165708800282,0.537845723721212,"Phocine morbillivirus","Phoca vitulina"
"56855",0.981905410160592,0.578228841968311,0.691978108035507,0.594246212386776,"Phocine morbillivirus","Ursus arctos"
"57207",0.998360460974758,0.582396377976274,0.723995949127178,0.608470461446066,"Pixuna virus","Akodon azarae"
"57414",0.676370970493457,0.603546337629399,0.378633174971328,0.832181629065313,"Porcine circovirus 2","Sus scrofa"
"57878",0.676370970493457,0.603546337629399,0.385992686710684,0.816394325930536,"Porcine orthorubulavirus","Sus scrofa"
"58012",0.217608148395324,0.550794882835587,0.190082191529561,0.889485284281571,"Porcine type-C oncovirus","Homo sapiens"
"58070",0.759990426252556,0.571978125806434,0.363466122763813,0.848854547777761,"Porcine type-C oncovirus","Sus scrofa"
"58439",0.998360460975255,0.582396377974249,0.789078903915396,0.367039271768671,"Powassan virus","Tamias striatus"
"58534",0.997926913426007,0.581773397665003,0.751695525345935,0.379290570424356,"Primate T-lymphotropic virus 1","Cercopithecus pogonias"
"58622",0.955630211184894,0.580954365194057,0.715798241636319,0.503050641187333,"Primate T-lymphotropic virus 1","Macaca nemestrina"
"58678",0.997926913426859,0.581773397661835,0.722622459336014,0.411809636649768,"Primate T-lymphotropic virus 1","Papio anubis"
"58679",0.986212123010042,0.580888263586879,0.708364934796467,0.441469781926135,"Primate T-lymphotropic virus 1","Papio cynocephalus"
"58788",0.998360460974793,0.582396377976616,0.665756388989491,0.583159713087019,"Primate T-lymphotropic virus 2","Cercopithecus nictitans"
"58878",0.996441086038883,0.561517983072966,0.714327831627326,0.483365451463117,"Primate T-lymphotropic virus 3","Cercocebus agilis"
"58900",0.985367431040304,0.560686255920936,0.63319375116159,0.520847883965949,"Primate T-lymphotropic virus 3","Chlorocebus aethiops"
"58928",0.107904598665862,0.502058347531503,0.195970009350206,0.650501189432271,"Primate T-lymphotropic virus 3","Homo sapiens"
"58959",0.984216390635655,0.557566581713652,0.693442345718485,0.492585680905411,"Primate T-lymphotropic virus 3","Mandrillus sphinx"
"58984",0.996441086037393,0.561517983081422,0.656722661350172,0.515849300949057,"Primate T-lymphotropic virus 3","Pan paniscus"
"59064",0.997594909768643,0.582329205905448,0.463839463955961,0.656315003775758,"Primate bocaparvovirus 1","Gorilla gorilla"
"59127",0.138096303981111,0.586432501187474,0.293017902667507,0.684447426918499,"Primate erythroparvovirus 1","Homo sapiens"
"59149",0.99530917480513,0.582134271094845,0.411043430854569,0.755244858210566,"Primate erythroparvovirus 2","Macaca fascicularis"
"59264",0.956979640789231,0.582110686027743,0.545405745809954,0.661551106475787,"Primate erythroparvovirus 4","Macaca nemestrina"
"59423",0.998360460974758,0.582396377977266,0.711230975862151,0.589606501652624,"Prospect Hill orthohantavirus","Myodes gapperi"
"59474",0.996941336804117,0.582230964065299,0.508153687378551,0.750395233413227,"Pseudocowpox virus","Camelus dromedarius"
"59658",0.996461394796041,0.563775175286948,0.656766538068613,0.638985207717252,"Punta Toro phlebovirus","Bradypus variegatus"
"59663",0.136172719590847,0.567592662328742,0.285374619224066,0.696969326840668,"Punta Toro phlebovirus","Homo sapiens"
"59678",0.983706855449914,0.601608163482637,0.718632429842193,0.501076311754805,"Puumala orthohantavirus","Apodemus flavicollis"
"59743",0.139920863031925,0.587987293966904,0.189829248085164,0.754917898129281,"Puumala orthohantavirus","Homo sapiens"
"59803",0.996550677334194,0.564237359190026,0.58839853345216,0.642962878862736,"Puumala orthohantavirus","Myodes glareolus"
"60107",0.138096303981146,0.586432501187447,0.293017902664146,0.684447426918499,"Quaranfil quaranjavirus","Homo sapiens"
"60298",0.976566894558406,0.581699603068302,0.533028214092581,0.801040075543189,"Rabbit hemorrhagic disease virus","Oryctolagus cuniculus"
"60391",0.9938870228559,0.24842997156661,0.868987795417636,0.000311420544096128,"Rabies lyssavirus","Artibeus fimbriatus"
"60419",0.993887022855155,0.248429971570428,0.834237208328619,0.117942332148146,"Rabies lyssavirus","Callithrix jacchus"
"60428",0.925490115907902,0.0291969435127358,0.855399091182273,0.205762977430111,"Rabies lyssavirus","Canis lupus"
"60429",0.854359256125103,0.0944680733379327,0.673505860295805,0.29658297951473,"Rabies lyssavirus","Canis lupus familiaris"
"60433",0.821385928115036,0.192140798074679,0.822522356894294,0.171020785056705,"Rabies lyssavirus","Capra hircus"
"60464",0.993887022855297,0.248429971568635,0.882485233931884,0.0378940523599559,"Rabies lyssavirus","Chrysocyon brachyurus"
"60481",0.9938870228559,0.248429971567917,0.868987795407552,0.000311420544096128,"Rabies lyssavirus","Cynomops abrasus"
"60512",0.977199108589288,0.235350936932092,0.938838182494906,0.107113707716878,"Rabies lyssavirus","Eptesicus fuscus"
"60515",0.774947229598648,0.14669428071147,0.113588853424008,0.302239004670108,"Rabies lyssavirus","Equus caballus"
"60525",0.993887022855261,0.248429971568868,0.868987795420997,0.000311420552357917,"Rabies lyssavirus","Euderma maculatum"
"60535",0.856864003991227,0,0.738959770410747,0.22192690031078,"Rabies lyssavirus","Felis catus"
"60553",0.993887022855155,0.248429971570045,0.917476222481577,0.0212174695729502,"Rabies lyssavirus","Glaucomys volans"
"60601",0.993887022855794,0.248429971567979,0.868987795444526,0.000311420593666863,"Rabies lyssavirus","Lasionycteris noctivagans"
"60603",0.993887022855758,0.248429971569443,0.868987795434442,0.000311420589535968,"Rabies lyssavirus","Lasiurus blossevillii"
"60604",0.993887022855545,0.248429971569641,0.868987795410913,0.000311420568881496,"Rabies lyssavirus","Lasiurus borealis"
"60608",0.993887022855758,0.248429971568252,0.868987795451248,0.000311420597797757,"Rabies lyssavirus","Lasiurus intermedius"
"60616",0.993887022855332,0.248429971568957,0.893779929409023,0,"Rabies lyssavirus","Leopardus colocolo"
"60661",0.993887022856255,0.248429971565864,0.868987795420997,0.000311420556488812,"Rabies lyssavirus","Macrotus californicus"
"60672",0.993887022855936,0.248429971565502,0.868987795414275,0.000311420581274179,"Rabies lyssavirus","Mazama americana"
"60677",0.976843494331517,0.231027324968158,0.888973145908086,0.157569137173758,"Rabies lyssavirus","Mephitis mephitis"
"60687",0.993887022855084,0.248429971570257,0.868987795424358,0.000311420581274179,"Rabies lyssavirus","Micronycteris megalotis"
"60704",0.993887022855155,0.248429971571057,0.879213845340016,0.0744558944549586,"Rabies lyssavirus","Molossus molossus"
"60713",0.785927942858035,0.0428494138085285,0.634649180566775,0.236367339889664,"Rabies lyssavirus","Mus musculus"
"60722",0.973146556441587,0.15351716908997,0.953034717136396,0.0610241406173443,"Rabies lyssavirus","Mustela putorius"
"60734",0.993887022855687,0.248429971568444,0.868987795414275,0.000311420593666863,"Rabies lyssavirus","Myotis californicus"
"60745",0.99388702285661,0.248429971562478,0.959645356539281,0.0678848150794614,"Rabies lyssavirus","Myotis lucifugus"
"60755",0.993887022854942,0.248429971572022,0.868987795434442,0.000311420601928652,"Rabies lyssavirus","Myotis thysanodes"
"60756",0.993887022855545,0.248429971570524,0.86898779542772,0.000311420606059547,"Rabies lyssavirus","Myotis velifer"
"60766",0.993887022855794,0.248429971567267,0.868987795424358,0.000311420585405074,"Rabies lyssavirus","Neotoma floridana"
"60776",0.993887022855261,0.248429971569566,0.868987795410913,0.000311420577143285,"Rabies lyssavirus","Nyctinomops macrotis"
"60784",0.993887022856184,0.248429971566029,0.896356776935591,0.0228387857729057,"Rabies lyssavirus","Otocyon megalotis"
"60788",0.733127001644646,0.316792289387571,0.749199332239676,0.188647924000263,"Rabies lyssavirus","Ovis aries"
"60803",0.993887022856361,0.248429971565324,0.86898779542772,0.000311420544096128,"Rabies lyssavirus","Perimyotis subflavus"
"60833",0.98430467941323,0.258297277555635,0.882103902039923,0.203141375609271,"Rabies lyssavirus","Procyon lotor"
"60877",0.977333421895578,0.239470255328586,0.871395465399985,0.159873421548949,"Rabies lyssavirus","Rhinolophus ferrumequinum"
"60883",0.987872315294141,0.296542840313043,0.869204864819504,0.144401914211765,"Rabies lyssavirus","Rhinolophus pusillus"
"60921",0.993887022855936,0.248429971567746,0.90090124132019,0.00879027850923279,"Rabies lyssavirus","Spilogale putorius"
"60923",0.993887022856574,0.248429971563846,0.907316583488948,0.0559419001655229,"Rabies lyssavirus","Suricata suricatta"
"60924",0.618750857041641,0.156867095705932,0.481274304169383,0.293851073535302,"Rabies lyssavirus","Sus scrofa"
"60958",0.971972789738708,0.236926312138605,0.901173087297052,0.102125482471956,"Rabies lyssavirus","Urocyon cinereoargenteus"
"60963",0.977465590484336,0.243441414410135,0.947605661778533,0.0711123293595229,"Rabies lyssavirus","Ursus maritimus"
"60964",0.9938870228559,0.248429971567746,0.956341880886469,0.0125487957305069,"Rabies lyssavirus","Ursus thibetanus"
"60974",0.977389374696753,0.195700340521505,0.914457148536821,0.0561487609977918,"Rabies lyssavirus","Vulpes lagopus"
"60977",0.943096404660445,0.129306051116829,0.938400247002321,0.146857911357226,"Rabies lyssavirus","Vulpes vulpes"
"61186",0.13809630398104,0.586432501188001,0.157639729244545,0.854181813665514,"Reston ebolavirus","Homo sapiens"
"61389",0.13809630398104,0.586432501188001,0.293017902664146,0.684447426918499,"Rhinovirus A","Homo sapiens"
"61399",0.13809630398104,0.586432501188001,0.293017902664146,0.684447426918499,"Rhinovirus B","Homo sapiens"
"61417",0.995961974157277,0.580279908330408,0.858022341792544,0.386394164569987,"Rift Valley fever phlebovirus","Acomys cahirinus"
"61446",0.494203999311986,0.628845967541023,0.615240837832674,0.662283951303259,"Rift Valley fever phlebovirus","Bos taurus"
"61553",0.991721787182076,0.583524597270735,0.855404219873464,0.356375921644491,"Rift Valley fever phlebovirus","Hipposideros caffer"
"61557",0.974791419499755,0.587282615112538,0.779061588991456,0.451740362121876,"Rift Valley fever phlebovirus","Hippotragus niger"
"61558",0.0443697720164747,0.476785422609374,0.126428284726932,0.73105549673186,"Rift Valley fever phlebovirus","Homo sapiens"
"61607",0.981660403941504,0.580247056043184,0.859591060514073,0.316197521288084,"Rift Valley fever phlebovirus","Mastomys huberti"
"61705",0.976392291703097,0.581748812220829,0.592110387424455,0.657149315150782,"Rift Valley fever phlebovirus","Rattus rattus"
"61790",0.547017344321394,0.845672483612042,0.539369060123784,0.702600404565437,"Rinderpest morbillivirus","Bos taurus"
"61984",0.623284211891503,0.734320341899722,0.418227801090331,0.724634270335939,"Rinderpest morbillivirus","Sus scrofa"
"62014",0.99822455149776,0.578166677567487,0.762140960537779,0.355312182405661,"Rio Bravo virus","Anoura geoffroyi"
"62086",0.998224551497582,0.578166677568349,0.740889494976305,0.377484337203868,"Rio Bravo virus","Desmodus rotundus"
"62101",0.981474113039614,0.569376959454391,0.782484282700913,0.374299852068902,"Rio Bravo virus","Eptesicus fuscus"
"62360",0.998360460975113,0.582396377975952,0.81242909182416,0.592050961321116,"Rio Mamore hantavirus","Oligoryzomys microtis"
"62521",0.987087273026063,0.58202880611099,0.791747499064083,0.541922795983491,"Rodent protoparvovirus 1","Mesocricetus auratus"
"62749",0.902486754652608,0.581288809247095,0.509408808290067,0.705893419953723,"Rosavirus A","Rattus norvegicus"
"62798",0.83659797131464,0.602694496969674,0.228122939017558,0.807051625106073,"Ross River virus","Equus caballus"
"62823",0.246843600722792,0.59365337289751,0.166383803006098,0.857920990154128,"Ross River virus","Homo sapiens"
"62915",0.997913492014103,0.578884863400854,0.812701554497842,0.388597662396572,"Ross River virus","Pseudomys novaehollandiae"
"62921",0.996304565026831,0.586185774532291,0.75248987842836,0.530399548351284,"Ross River virus","Pteropus poliocephalus"
"62956",0.749301452414784,0.599150637926055,0.412509695946871,0.813352633072539,"Ross River virus","Sus scrofa"
"63040",0.932156542102653,0.532882803682532,0.883924013853983,0.47256634215781,"Rotavirus A","Canis lupus"
"63045",0.8431108916847,0.551157621240923,0.845385657573125,0.41175394738275,"Rotavirus A","Capra hircus"
"63155",0.91125715996991,0.5415091612303,0.75533815533632,0.52044605548558,"Rotavirus A","Felis catus"
"63197",0.284596630496222,0.651431413519627,0.00962987348720647,0.667559483668624,"Rotavirus A","Homo sapiens"
"63250",0.923767178553385,0.611724221834824,0.901949879738124,0.316825511197611,"Rotavirus A","Macaca nemestrina"
"63314",0.847035003764192,0.533745336483565,0.637425812263795,0.526540231730191,"Rotavirus A","Mus musculus"
"63372",0.814648751217553,0.561257854474553,0.762163660384282,0.419825520951351,"Rotavirus A","Ovis aries"
"63502",0.996975254854869,0.599507209411938,0.878810501640694,0.320463452059809,"Rotavirus A","Sciurus vulgaris"
"63509",0.999332280390004,0.556464513229421,1,0.0986141879259539,"Rotavirus A","Speothos venaticus"
"63589",0.468995902086416,0.70920709516679,0.487589997347888,0.820500563514624,"Rotavirus B","Bos taurus"
"63631",0.11393895363832,0.401848740871973,0.15191488958412,0.882567197862002,"Rotavirus B","Homo sapiens"
"63683",0.795549403173307,0.696285569903005,0.565307714331164,0.708702967785925,"Rotavirus B","Ovis aries"
"63794",0.217608148394933,0.550794882837352,0.175740446582939,0.905829023783784,"Rotavirus C","Homo sapiens"
"63867",0.759990426252521,0.571978125807104,0.366728369649587,0.861393433066738,"Rotavirus C","Sus scrofa"
"64142",0.998360460975255,0.582396377974454,0.6708407011917,0.635289671580894,"Rupicapra rupicapra gammaherpesvirus 1","Rupicapra rupicapra"
"64327",0.998360460975077,0.582396377975261,0.789406067805066,0.477761916870257,"Saboya virus","Gerbilliscus kempi"
"64487",0.125258468271869,0.566517978750199,0.247200149104534,0.757425647452251,"Saimiriine alphaherpesvirus 1","Homo sapiens"
"64507",0.985602999170918,0.562716275894274,0.569406385732675,0.661026850888176,"Saimiriine alphaherpesvirus 1","Saimiri sciureus"
"64570",0.969290767096252,0.588103554383797,0.784053560484077,0.336258377868221,"Saint Louis encephalitis virus","Alces alces"
"64588",0.997353867952563,0.577277919404513,0.869087661009567,0.22340690147471,"Saint Louis encephalitis virus","Ateles paniscus"
"64621",0.997353867952847,0.577277919402529,0.78922547261869,0.313598721381445,"Saint Louis encephalitis virus","Carollia perspicillata"
"64690",0.847810000649702,0.593607119881414,0.165896009121961,0.55970371979534,"Saint Louis encephalitis virus","Equus caballus"
"64729",0.168364318760007,0.697963176219181,0.115913583877162,0.579071655503792,"Saint Louis encephalitis virus","Homo sapiens"
"64788",0.997353867953237,0.577277919400599,0.849431399152391,0.251329512703025,"Saint Louis encephalitis virus","Microtus californicus"
"64899",0.992430523243144,0.594776956348432,0.787197649767676,0.473538631033256,"Saint Louis encephalitis virus","Procyon lotor"
"64934",0.99360299020081,0.578910826416265,0.764002462290344,0.37821582162862,"Saint Louis encephalitis virus","Sapajus apella"
"64954",0.985396837330892,0.588028020185084,0.830151524070118,0.27534653789972,"Saint Louis encephalitis virus","Sturnira lilium"
"65019",0.835757133975192,0.574614409697027,0.452583575505921,0.737596602927154,"Sakobuvirus A","Felis catus"
"65414",0.138096303980933,0.586432501188227,0.239243128201633,0.771556097371081,"Salivirus A","Homo sapiens"
"65860",0.67637097049335,0.603546337629385,0.36568777904566,0.869116524845385,"Sapporo virus","Sus scrofa"
"65898",0.600304074388147,0.721499771720827,0.491456305976962,0.713807095646248,"Sathuperi orthobunyavirus","Bos taurus"
"66058",0.965270155332797,0.581820025249667,0.503288142774226,0.670096038413345,"Scotophilus bat coronavirus 512","Scotophilus kuhlii"
"66245",0.136172719591415,0.567592662325041,0.114675506046596,0.823923913422219,"Semliki Forest virus","Homo sapiens"
"66258",0.996461394795437,0.563775175291128,0.731335015003834,0.434404169782103,"Semliki Forest virus","Lophocebus albigena"
"66649",0.921410718321302,0.560114531213819,0.617331674760916,0.73118020110213,"Seoul orthohantavirus","Felis catus"
"66667",0.316377246271609,0.639240807884351,0.116776485920437,0.858607077708295,"Seoul orthohantavirus","Homo sapiens"
"66734",0.868027802161296,0.569540574400667,0.548320546299629,0.730289532019385,"Seoul orthohantavirus","Mus musculus"
"66828",0.972547498633023,0.581308949255339,0.709221509711809,0.617589310304723,"Seoul orthohantavirus","Rattus norvegicus"
"67747",0.757738347295366,0.600555518610509,0.51529086266948,0.701767713273557,"Sheeppox virus","Ovis aries"
"67872",0.600304074388147,0.721499771720827,0.516826344960709,0.75480477293323,"Shuni orthobunyavirus","Bos taurus"
"68093",0.13809630398104,0.586432501188227,0.195700140602714,0.877206399458319,"Sicilian phlebovirus","Homo sapiens"
"68174",0.600304074388147,0.721499771720827,0.465553278552561,0.861810317761371,"Simbu orthobunyavirus","Bos taurus"
"68316",0.995909751683563,0.55707675820224,0.780437307748712,0.369574057003398,"Simian foamy virus","Alouatta belzebul"
"68379",0.995909751684201,0.557076758199496,0.723733628740292,0.381715190662072,"Simian foamy virus","Cercopithecus mona"
"68390",0.958197852774361,0.550932907906935,0.730809167924656,0.40552562895851,"Simian foamy virus","Chlorocebus pygerythrus"
"68400",0.995909751683101,0.5570767582038,0.712623036186004,0.43817995938887,"Simian foamy virus","Colobus guereza"
"68449",0,0.428259904182102,0.137184107004942,0.641618323179801,"Simian foamy virus","Homo sapiens"
"68457",0.995909751683314,0.557076758203765,0.788091269590036,0.336416814359246,"Simian foamy virus","Hylobates pileatus"
"68480",0.995909751684521,0.55707675819888,0.741742929111848,0.373131054366429,"Simian foamy virus","Macaca arctoides"
"68485",0.944144087488626,0.618205954040265,0.548183488766591,0.574694262324347,"Simian foamy virus","Macaca mulatta"
"68546",0.877231083907747,0.54021813086667,0.266678103862279,0.588825243120961,"Simian foamy virus","Pan troglodytes"
"68603",0.995909751683598,0.55707675820341,0.768178950378417,0.353207985988471,"Simian foamy virus","Theropithecus gelada"
"68665",0.997540006480336,0.578903395603146,0.735582123272487,0.43845791946397,"Simian immunodeficiency virus","Cercocebus atys"
"68668",0.997540006481259,0.578903395597597,0.737621658092655,0.425857206026879,"Simian immunodeficiency virus","Cercocebus torquatus"
"68672",0.997540006480478,0.578903395602373,0.739323909196163,0.424787469452056,"Simian immunodeficiency virus","Cercopithecus cephus"
"68688",0.982508123623228,0.574310265873541,0.707953841482284,0.458438264673688,"Simian immunodeficiency virus","Chlorocebus pygerythrus"
"68690",0.997540006480407,0.578903395602866,0.769592374496136,0.407229749968495,"Simian immunodeficiency virus","Chlorocebus tantalus"
"68724",0.996028300484692,0.578723244665091,0.410789412690598,0.520427968053936,"Simian immunodeficiency virus","Gorilla gorilla"
"68766",0.997540006481081,0.578903395599157,0.754274163465651,0.415725062009567,"Simian immunodeficiency virus","Mandrillus leucophaeus"
"68767",0.985320800294857,0.575329342194964,0.717605772644334,0.439789946180885,"Simian immunodeficiency virus","Mandrillus sphinx"
"68798",0.924403072328337,0.56179774450653,0.308811051107332,0.603825018054727,"Simian immunodeficiency virus","Pan troglodytes"
"68948",0.9674722727934,0.582137148936565,0.507788833388449,0.75856821141725,"Simian mastadenovirus A","Macaca mulatta"
"69122",0.987092762061497,0.581032097255114,0.600817325569203,0.595180905181184,"Simian virus 12","Chlorocebus aethiops"
"69123",0.984954855498027,0.580785384548942,0.632445406230592,0.586403793295248,"Simian virus 12","Chlorocebus pygerythrus"
"69223",0.998355249205269,0.582391371666994,0.817896325835355,0.322302759370203,"Sin Nombre orthohantavirus","Chaetodipus hispidus"
"69371",0.998350121513706,0.582391195246573,0.781607861756348,0.469184162137503,"Sin Nombre orthohantavirus","Reithrodontomys megalotis"
"69387",0.997716665948151,0.582381561641184,0.643562670839919,0.683724180146048,"Sin Nombre orthohantavirus","Sigmodon hispidus"
"69514",0.138096303981004,0.586432501188247,0.121373498687023,0.888548759840254,"Sindbis virus","Homo sapiens"
"69745",0.555146846826121,0.819510314114347,0.568455870789331,0.524504212158605,"Small ruminant morbillivirus","Bos taurus"
"69969",0.716617935319923,0.709737429417925,0.624495991982285,0.468976144654757,"Small ruminant morbillivirus","Ovis aries"
"69973",0.981603458415561,0.553446091265147,0.725384594246138,0.436432016453159,"Small ruminant morbillivirus","Panthera leo"
"70041",0.998360460974793,0.582396377976712,0.813404060962902,0.645020752758488,"Southern elephant seal virus","Mirounga leonina"
"70220",0.351195448768669,0.935182062359615,0.66778540936635,0.723260259825712,"Suid alphaherpesvirus 1","Bos taurus"
"70231",0.884777445517749,0.632732530273537,0.601010286811989,0.826636268695616,"Suid alphaherpesvirus 1","Canis lupus familiaris"
"70293",0.898483688758702,0.607440394997375,0.673442297862491,0.67604098462554,"Suid alphaherpesvirus 1","Felis catus"
"70319",0.310793260615358,0.414756507359424,0.108461547343176,0.809739537145195,"Suid alphaherpesvirus 1","Homo sapiens"
"70444",0.783802447958918,0.731523011904291,0.696117247908333,0.580854600198961,"Suid alphaherpesvirus 1","Ovis aries"
"70503",0.960642867384571,0.541035388151454,0.879404684897413,0.37087853271492,"Suid alphaherpesvirus 1","Puma concolor"
"70544",0.686318098860326,0.739573859136377,0.457085451989209,0.760417084351011,"Suid alphaherpesvirus 1","Sus scrofa"
"71406",0.998360460974935,0.5823963779765,0.7994702152582,0.350468203479545,"Tacaribe mammarenavirus","Platyrrhinus helleri"
"71498",0.0796180115844284,0.557489820820197,0.23922818869907,0.767997770942296,"Tai Forest ebolavirus","Homo sapiens"
"71517",0.885155849870091,0.551940141191525,0.349539039830661,0.729155268376489,"Tai Forest ebolavirus","Pan troglodytes"
"71715",0.998360460974793,0.582396377976294,0.7659812196025,0.358730385825877,"Tamana bat virus","Molossus rufus"
"71716",0.998360460974793,0.582396377976965,0.816665565935575,0.312514049251657,"Tamana bat virus","Mormoops megalophylla"
"72172",0.676370970493421,0.603546337629385,0.372203022596834,0.826771038201155,"Teschovirus A","Sus scrofa"
"72186",0.996461394796466,0.563775175286544,0.772813903351956,0.605553531972299,"Thailand orthohantavirus","Bandicota savilei"
"72190",0.136172719591095,0.56759266232684,0.272648620490181,0.725051998992985,"Thailand orthohantavirus","Homo sapiens"
"72323",0.757738347295366,0.600555518610392,0.570958376889508,0.671851868474299,"Thiafora orthonairovirus","Ovis aries"
"72602",0.998360460975361,0.582396377974933,0.622827998195028,0.647439834776094,"Thottopalayam thottimvirus","Suncus murinus"
"72743",0.981063505118819,0.587869803451659,0.747505483678657,0.423047219406926,"Tick-borne encephalitis virus","Apodemus flavicollis"
"72776",0.848867211413179,0.589114450822823,0.668583210708104,0.563793267788801,"Tick-borne encephalitis virus","Capra hircus"
"72842",0.2862752284449,0.556350803329124,0.133986810768206,0.726291667768327,"Tick-borne encephalitis virus","Homo sapiens"
"72901",0.999503307322535,0.569811034594365,0.760555197239547,0.466204003564041,"Tick-borne encephalitis virus","Microtus oeconomus"
"72946",0.818096576552363,0.610263704646903,0.62864814461077,0.566418275495027,"Tick-borne encephalitis virus","Ovis aries"
"73014",0.738441491815981,0.611581021251798,0.417491941469183,0.694317464205436,"Tick-borne encephalitis virus","Sus scrofa"
"73084",0.804611320585318,0.572446390859058,0.44286732328201,0.787385494994751,"Timboteua orthobunyavirus","Mus musculus"
"73303",0.138096303981004,0.586432501188247,0.293017902664146,0.684447426918499,"Torque teno midi virus 3","Homo sapiens"
"73558",0.676370970493386,0.603546337629378,0.372179185266318,0.826560381816217,"Torque teno sus virus 1a","Sus scrofa"
"73637",0.676370970493386,0.603546337629378,0.372104406209816,0.826585757153801,"Torque teno sus virus 1b","Sus scrofa"
"73729",0.998360460975113,0.582396377975193,0.813404060979708,0.645020752820452,"Torque teno tupaia virus","Tupaia belangeri"
"74696",0.888891881283032,0.556586653858509,0.610624903841767,0.709237312220139,"Trubanaman virus","Capra hircus"
"74750",0.996334582890299,0.568092417240895,0.753458827313675,0.525623179830118,"Trubanaman virus","Macropus fuliginosus"
"74864",0.973832635382817,0.555813107523831,0.672122002880303,0.688267419889534,"Trubanaman virus","Vulpes vulpes"
"74910",0.138096303980933,0.586432501188241,0.228269642560363,0.745732970184156,"Tula orthohantavirus","Homo sapiens"
"75255",0.138096303980933,0.586432501188241,0.175181802195962,0.913067481953954,"Una virus","Homo sapiens"
"75895",0.676370970493421,0.603546337629378,0.372174622833177,0.826578080877678,"Ungulate protoparvovirus 1","Sus scrofa"
"76202",0.13809630398104,0.586432501188247,0.191179298741854,0.913084317311457,"Usutu virus","Homo sapiens"
"76461",0.509701408423888,0.608595041857699,0.643359644460883,0.826283534661944,"Vaccinia virus","Bos taurus"
"76562",0.0540015190539064,0.439457889674369,0.0614302610665818,0.926989128545182,"Vaccinia virus","Homo sapiens"
"76757",0.991929493209226,0.582983142177714,0.751034619780898,0.58501893524593,"Vaccinia virus","Sapajus apella"
"76820",0.138096303981004,0.586432501188254,0.293017902664146,0.684447426918499,"Variola virus","Homo sapiens"
"76864",0.421074909337649,0.598460757373291,0.637642056961856,0.543147798228377,"Venezuelan equine encephalitis virus","Bos taurus"
"76942",0.80613198821948,0.57849973226843,0.157207406041582,0.58336712612488,"Venezuelan equine encephalitis virus","Equus caballus"
"76974",0.184615067072562,0.553727028979668,0.103372766906582,0.605695013140512,"Venezuelan equine encephalitis virus","Homo sapiens"
"77023",0.998108875449392,0.560370911647483,0.858736557645325,0.210440123698085,"Venezuelan equine encephalitis virus","Melanomys caliginosus"
"77044",0.830080416060504,0.562581619363518,0.568581650161596,0.519664004474844,"Venezuelan equine encephalitis virus","Mus musculus"
"77134",0.998108875449925,0.560370911647326,0.859602037467392,0.249677130279904,"Venezuelan equine encephalitis virus","Phyllostomus discolor"
"77175",0.964268840236677,0.559004545905513,0.738748503716119,0.430501900776197,"Venezuelan equine encephalitis virus","Rattus norvegicus"
"77217",0.998108875449073,0.560370911650753,0.865581835104627,0.252491985935702,"Venezuelan equine encephalitis virus","Sylvilagus floridanus"
"77237",0.975201792839889,0.562642543267692,0.810829845536128,0.351774738859225,"Venezuelan equine encephalitis virus","Urocyon cinereoargenteus"
"77268",0.996011678199098,0.568266813374726,0.821510591062677,0.280136926111087,"Vesicular exanthema of swine virus","Balaenoptera borealis"
"77464",0.996011678199488,0.568266813371996,0.82699153591206,0.305379159002709,"Vesicular exanthema of swine virus","Physeter macrocephalus"
"77506",0.671780082167837,0.576445941432189,0.396118559766764,0.779073895880411,"Vesicular exanthema of swine virus","Sus scrofa"
"77548",0.547017344321217,0.845672483612076,0.489225273475293,0.822307526127165,"Vesicular stomatitis virus","Bos taurus"
"77672",0.62328421189129,0.73432034189979,0.39304272322464,0.836703986496513,"Vesicular stomatitis virus","Sus scrofa"
"77718",0.885130158656457,0.585514040296726,0.553143258126211,0.668841229607888,"Visna-maedi virus","Capra hircus"
"77778",0.748619796709343,0.606567741313957,0.543574156943816,0.667713597603975,"Visna-maedi virus","Ovis aries"
"77811",0.998360460975681,0.582396377973482,0.683792117041393,0.640747385034016,"Volepox virus","Peromyscus truei"
"78122",0.99734572140962,0.582144164521837,0.659493858711709,0.642979934545631,"Warrego virus","Macropus fuliginosus"
"78279",0.757738347295366,0.600555518610392,0.617114994143616,0.675035665712048,"Wesselsbron virus","Ovis aries"
"78597",0.213434105033221,0.727766694050342,0.068960639138062,0.205739713822349,"West Nile virus","Homo sapiens"
"78664",0.93461318520701,0.578757294596903,0.712487543138846,0.1703031940531,"West Nile virus","Macaca mulatta"
"78728",0.855916354571837,0.604446791485869,0.648468846310516,0.169490281546333,"West Nile virus","Mus musculus"
"78766",0.998126513204347,0.580230224834751,0.952839273775714,0.00927446338689636,"West Nile virus","Myotis septentrionalis"
"78813",0.982926373670647,0.580034274994517,0.926890560166361,0.0280769837287491,"West Nile virus","Oreamnos americanus"
"78822",0.825012305648596,0.618777166750545,0.763935220418324,0.128231321667228,"West Nile virus","Ovis aries"
"78851",0.983233797691938,0.580192214511641,0.931185597955359,0.0718822665756663,"West Nile virus","Peromyscus leucopus"
"78944",0.983233797691406,0.580192214511915,0.855638986288922,0.102478383852297,"West Nile virus","Rousettus aegyptiacus"
"78958",0.998126513204383,0.580230224835353,0.952839273802604,0.00927446340755083,"West Nile virus","Sciurus niger"
"78991",0.998126513205128,0.580230224832274,0.973477378894346,0.0119562462690483,"West Nile virus","Talpa romana"
"79138",0.812398197634827,0.565948664720041,0.15091310513337,0.832511369362563,"Western equine encephalitis virus","Equus caballus"
"79216",0.79626299861882,0.5447722069271,0.548123656153613,0.756129255533731,"Western equine encephalitis virus","Mus musculus"
"79339",0.660991174058802,0.595584513566759,0.42063871931469,0.84020028125214,"Western equine encephalitis virus","Sus scrofa"
"79570",0.998360419452884,0.5823962880897,0.816979541649822,0.287056468745345,"Whitewater Arroyo mammarenavirus","Peromyscus melanophrys"
"79597",0.998355291082514,0.582396196567621,0.792619954451093,0.467085848874249,"Whitewater Arroyo mammarenavirus","Reithrodontomys megalotis"
"79809",0.138096303980933,0.586432501188227,0.254067390618057,0.7566467345871,"Wyeomyia orthobunyavirus","Homo sapiens"
"79995",0.987053381449365,0.581984617185625,0.64926782104105,0.561487009519347,"Yaba monkey tumor virus","Erythrocebus patas"
"80222",0.996567229285545,0.560045593227684,0.829372997145081,0.214763376972741,"Yellow fever virus","Colobus polykomos"
"80238",0.996567229286716,0.560045593222697,0.810013939576633,0.239366442679479,"Yellow fever virus","Dermanura cinerea"
"80261",0.974316451533621,0.55926600863985,0.742258725844233,0.270373206797544,"Yellow fever virus","Erythrocebus patas"
"80304",0.104828768898712,0.461550373184046,0.120235095331633,0.39772072163233,"Yellow fever virus","Homo sapiens"
"80442",0.996567229287071,0.560045593221725,0.835473008441665,0.212046375925957,"Yellow fever virus","Otolemur crassicaudatus"
"80469",0.996567229286503,0.560045593224489,0.829967568379671,0.217022590334702,"Yellow fever virus","Pithecia pithecia"
"80493",0.996567229286751,0.560045593222115,0.83948162105938,0.216589269797902,"Yellow fever virus","Saguinus geoffroyi"
"80563",0.983344928219619,0.582356777154917,0.555415181586919,0.66222845154516,"Yogue virus","Rousettus aegyptiacus"
"80762",0.997831789690853,0.580554945124853,0.817838709815744,0.330912178124397,"Zaire ebolavirus","Mus setulosus"
"80782",0.931128839529605,0.577962939179476,0.275494277486203,0.796242717641081,"Zaire ebolavirus","Pan troglodytes"
"81034",0.826896019986235,0.578255369908201,0.287336255662728,0.830280998369074,"Zetapapillomavirus 1","Equus caballus"
"81163",0.979575634863404,0.584367052922019,0.645602685235113,0.717096134135594,"Zika virus","Eidolon helvum"
"81236",0.92977967776322,0.581957024277995,0.277303794540121,0.819247726860194,"Zika virus","Pan troglodytes"
